Smart, smart, fortwo, 2015款, 1.0L, 52千瓦硬顶灵动版
雷诺, 卡缤, 2015款, 1.2T, 自动标准版(进口)
本田, 锋范经典, 2012款, 1.5L, 手动精英版
丰田, 雅力士, 2009款, 1.6E, 自动舒适版
标致408, 2013款, 2.0L, 自动舒适版
海马M6, 2015款, 1.5T, 手动运动智能型
标致308S, 2015款, 1.2T, 自动劲驰版
福特, 福克斯, 2011款, 两厢, 1.8L, 自动时尚型
日产, 天籁, 2008款, 2.0L, XL舒适版
MG3, 2016款, 1.5L, AMT精英版
日产, 奇骏, 2014款, 2.0L, CVT舒适版, 2WD
雪铁龙C5, 2013款, 2.0L, 自动尊享型
大众POLO, 2011款, 劲取, 1.6L, 手动实酷版
大众POLO, 2014款, 1.6L, 自动舒适版
荣威RX5, 2016款, 20T, 两驱手动旗舰版
标致408, 2014款, 1.8L, 自动豪华版
丰田, 花冠, 2013款, 1.6L, 自动豪华版
起亚, 智跑, 2015款, 2.0L, 自动两驱版GL
起亚, 智跑, 2014款, 2.0L, 自动两驱版GLS
马自达CX-5, 2013款, 2.0L, 手动两驱舒适型
日产, 轩逸, 2009款, 1.6XE, 手动舒适版
别克, 威朗, 2016款, 两厢, 15S, 自动领先型
哈弗H2, 2017款, 红标, 1.5T, 手动两驱豪华型
本田, 思域, 2016款, 220TURBO, 手动豪华版
MG6, 2013款, 掀背, 1.8T, 手动GT超值版
马自达3星骋, 2013款, 三厢, 1.6L, 手动精英型
传祺GS5, 2012款, 2.0L, 手动两驱周年限量版
福特, 福克斯, 2011款, 两厢, 1.8L, 手动舒适型
马自达6, 2012款, 2.0L, 自动时尚型
大众, 高尔夫·嘉旅, 2016款, 1.6L, 手动舒适型
大众, 宝来, 2012款, 1.6L, 手动舒适型
福特, 福睿斯, 2015款, 1.5L, 自动舒适型
起亚, 智跑, 2015款, 2.0L, 自动两驱版GL
日产, 骊威, 2015款, 1.6XE, CVT舒适版
雪铁龙, 爱丽舍, 2014款, 1.6L, 自动舒适型
雪佛兰, 迈锐宝XL, 2016款, 1.5T, 双离合锐驰版
大众, 宝来, 2012款, 1.4T, 自动豪华型
马自达6, 2013款, 2.0L, 自动时尚型
本田, 缤智, 2015款, 1.5L, 手动两驱舒适型
奇瑞, 艾瑞泽7, 2013款, 1.6L, CVT致领版
大众, 朗行, 2013款, 1.6L, 自动风尚型
众泰T600, 2016款, 运动版, 2.0T, 自动豪华型
别克, 君威, 2014款, 2.0L, 精英时尚型
路虎, 揽胜极光, 2013款, 2.0T, 5门耀动版(进口)
本田, 思铂睿, 2015款, 2.4L, 尊贵版
哈弗H1, 2016款, 红标, 1.5L, AMT豪华型
比亚迪, 速锐, 2012款, 1.5TID, 自动豪华型
丰田, 雷凌, 2016款, 1.6G, CVT精英版
雪佛兰, 迈锐宝, 2014款, 1.6T, 自动舒适版
MG, 锐腾, 2016款, 1.5TGI, TST豪华版
上汽大通, 大通G10, 2018款, PLUS, 2.0T, 自动豪华行政版
荣威RX5, 2019款, 20T, 两驱自动4G互联铂金版
马自达, 昂克赛拉, 2014款, 三厢, 1.5L, 自动舒适型
奇瑞, 艾瑞泽7, 2016款, 1.5T, 手动致领版
三菱, 风迪思, 2013款, 1.8L, 手动舒适型, 国IV
马自达3星骋, 2011款, 三厢, 1.6L, 手动舒适型
标致3008, 2013款, 1.6THP, 自动至尚版
斯柯达, 明锐, 2016款, 1.6L, 自动智行版
斯柯达, 明锐, 2010款, 1.4TSI, 手动逸俊版
大众, 途锐, 2011款, 3.0TSI, 高配型(进口)
大众, 帕萨特, 2011款, 1.8TSI, DSG尊荣版
丰田, 凯美瑞, 2016款, 双擎, 2.5HG, 十周年纪念豪华导航版
日产, 骐达, 2011款, 1.6L, CVT舒适型
丰田, 卡罗拉, 2008款, 1.8L, 手动GL-i天窗特别版
斯柯达, 晶锐, 2011款, 1.6L, 自动酷黑版
日产, 阳光, 2011款, 1.5XE, 手动舒适版
马自达CX-5, 2013款, 2.5L, 自动四驱豪华型
大众, 途观, 2016款, 300TSI, 自动两驱舒适版
哈弗H6, 2016款, 升级版, 1.5T, 自动两驱精英型
大众POLO, 2011款, 劲取, 1.4L, 手动实乐版
福特, 福克斯, 2012款, 两厢, 1.6L, 手动舒适型
福特, 福克斯, 2015款, 三厢, EcoBoost, 180, 自动旗舰型
雪佛兰, 科鲁兹, 2011款, 1.8L, SE, AT
马自达3星骋, 2011款, 三厢, 1.6L, 手动舒适型
大众, 帕萨特, 2017款, 280TSI, 公务版
福特, 福克斯, 2017款, 三厢, EcoBoost, 180, 自动精英型
奔驰C级, 2015款, 改款, C, 180, L, 运动型
哈弗H7, 2017款, 红标H7, 2.0T, 自动豪华型
别克, 君越, 2016款, 20T, 精英型
大众, 迈腾, 2019款, 330TSI, DSG, 豪华型, 国V
标致308, 2013款, 1.6L, 自动优尚型
别克, 英朗, 2013款, GT, 1.6L, 自动时尚版
雪佛兰, 科鲁兹, 2011款, 1.8L, SX, AT
本田, 奥德赛, 2013款, 2.4L, 智能版
福特, 福克斯, 2013款, 两厢经典, 1.8L, 自动时尚型
马自达3, 2010款, 1.6L, 手动经典时尚型
别克, 君威, 2012款, 2.0L, 舒适版
大众, 迈腾, 2019款, 330TSI, DSG, 豪华型, 国V
别克, 凯越, 2015款, 1.5L, 自动经典型
大众, 高尔夫, 2016款, 1.4TSI, 自动R-Line
大众, 朗逸, 2015款, 1.6L, 自动舒适版
福特, 福克斯, 2012款, 两厢, 1.6L, 自动风尚型
雪佛兰, 科帕奇, 2017款, 2.4L, 四驱旗舰版, 7座
斯柯达, 晶锐, 2012款, 1.4L, 自动晶灵版
铃木, 锋驭, 2014款, 1.6L, CVT两驱精英型
标致2008, 2014款, 1.6L, 自动潮流版
凯迪拉克XTS, 2013款, 28T, 舒适型
丰田, 汉兰达, 2009款, 2.7L, 两驱5座运动版
荣威550, 2012款, 550, 1.8L, 自动超值版
MG3, 2014款, 1.3L, 手动舒适版
马自达, 昂克赛拉, 2017款, 两厢, 2.0L, 自动运动型, 国V
别克, 昂科拉, 2015款, 1.4T, 手动两驱都市进取型
哈弗H6, Coupe, 2015款, 蓝标, 2.0T, 自动两驱尊贵型
日产, 逍客, 2016款, 2.0L, CVT精英版
雷诺, 科雷傲, 2017款, 2.5L, 四驱至尊版
长安CS75, 2014款, 1.8T, 自动精英型, 国IV
福特, 嘉年华, 2013款, 两厢, 1.5L, 手动风尚型
现代, 途胜, 2015款, 1.6T, 双离合两驱智能型
大众, 朗逸, 2008款, 1.6L, 手动品悠版
马自达6, 2011款, 2.0L, 自动时尚型
斯巴鲁, 傲虎, 2014款, 2.5i, 雅尚精英版
福特, 福克斯, 2017款, 两厢, EcoBoost, 180, 自动精英型
马自达, 昂克赛拉, 2016款, 三厢, 1.5L, 自动舒适型
日产, 阳光, 2015款, 1.5XE, 手动大师版
标致408, 2011款, 2.0L, 自动豪华版
日产, 逍客, 2012款, 2.0XL, 火, CVT, 2WD
雪铁龙C3-XR, 2015款, 1.6L, 自动先锋型
大众CC, 2015款, 1.8TSI, 豪华型
丰田, 凯美瑞, 2013款, 200E, 经典精英版
东风风行, 景逸X5, 2013款, 1.8T, 手动尊享型
标致308, 2013款, 1.6L, 手动优尚型
Smart, smart, fortwo, 2012款, 1.0, MHD, 硬顶舒适版
五菱宏光, 2015款, 1.5L, S基本型, 国IV
路虎, 揽胜极光, 2013款, 2.0T, 5门耀动版(进口)
大众POLO, 2012款, 1.6L, Cross, POLO, MT
东风风行, 景逸X5, 2015款, 1.6L, 手动尊享型
吉利, 帝豪GS, 2016款, 运动版, 1.8L, 手动领尚型
斯柯达, 柯迪亚克, 2017款, TSI330, , 5座两驱舒适版
起亚, 智跑, 2012款, 2.0L, 手动两驱版GL
大众, 宝来, 2014款, 1.6L, 自动时尚型
雪佛兰, 创酷, 2014款, 1.4T, 自动四驱旗舰型
现代, 名图, 2016款, 1.8L, 自动尊贵型DLX
别克, 凯越, 2013款, 1.5L, 手动尊享型
吉利, 博越, 2018款, 1.8TD, 自动两驱智尊型4G互联版
马自达3, 2010款, 1.6L, 手动经典时尚型
五菱宏光, 2015款, 1.5L, S基本型, 国V
大众, 速腾, 2015款, 230TSI, 手动舒适型
海马M3, 2016款, 1.5L, 手动智能舒适型
大众, 朗逸, 2013款, 改款经典, 1.6L, 手动风尚版
日产, 骊威, 2010款, 劲悦版, 1.6L, 自动全能型
斯柯达, 明锐, 2015款, 1.6L, 自动逸俊版
Jeep, 指南者, 2017款, 200T, 自动家享版
雪佛兰, 科鲁兹, 2015款, 1.5L, 经典, SL, MT
Smart, smart, fortwo, 2012款, 1.0, MHD, 硬顶舒适版
凯迪拉克SRX, 2014款, 3.0L, 精英型(进口)
哈弗H7, 2016款, 蓝标H7, 2.0T, 自动精英型
现代, 瑞纳, 2010款, 三厢, 1.4L, 手动舒适型GS
丰田, 卡罗拉, 2017款, 1.2T, CVT, GL
三菱, 欧蓝德EX劲界, 2011款, 劲界, 2.4, 时尚版(进口)
福特, 福克斯, 2015款, 两厢, EcoBoost, 180, 自动精英型
本田, 杰德, 2013款, 1.8L, 自动舒适版, 5座
马自达CX-5, 2013款, 2.0L, 手动两驱舒适型
长安, 悦翔V7, 2016款, 1.6L, 手动乐尚型, 国V
斯柯达, 昕锐, 2016款, 1.6L, 手动前行版
大众, 帕萨特, 2013款, 1.4TSI, DSG尊荣版
奔驰B级, 2012款, B, 200(进口)
本田CR-V, 2010款, 2.4L, 自动四驱豪华版
雷诺, 科雷傲, 2016款, 2.0L, 两驱舒适版(进口)
奥迪A4L, 2013款, 35, TFSI, 自动舒适型
宝马5系, 2014款, 525Li, 领先型
奇瑞, 艾瑞泽7, 2015款, 1.6L, 手动致尚版
哈弗H6, 2013款, 升级版, 1.5T, 手动两驱精英型
大众, 途观, 2012款, 2.0TSI, 自动四驱旗舰版
长安, 逸动, 2014款, 1.6L, 手动豪华型
路虎, 发现神行, 2016款, 2.0T, HSE
起亚, 福瑞迪, 2012款, 1.6L, MT, GL, 纪念版
奔驰GLK级, 2015款, GLK, 300, 4MATIC, 时尚型, 极致版
福特, 福克斯, 2015款, 两厢, 1.6L, 手动舒适型
MG6, 2010款, 掀背, 1.8L, 手动贺岁版
马自达, 昂克赛拉, 2016款, 两厢, 1.5L, 自动豪华型
日产, 轩逸, 2009款, 1.6XL, 自动豪华天窗版
福特, 福克斯, 2012款, 三厢, 1.6L, 手动风尚型
荣威350, 2014款, 1.5L, 自动迅悦版
荣威350, 2015款, 1.5L, 手动豪华天窗版
Jeep, 指南者, 2017款, 200T, 自动家享版
起亚K2, 2015款, 三厢, 1.4L, AT, GLS
别克, 英朗, 2017款, 18T, 双离合豪华型
现代, 全新胜达, 2013款, 2.4L, 自动两驱智能型
别克, 凯越, 2011款, 1.6LX-MT
荣威350, 2011款, 350S, 1.5L, 自动迅达版
MG6, 2013款, 掀背, 1.8T, 手动GT超值版
奔驰GLA级, 2016款, GLA, 200, 动感型
马自达, 昂克赛拉, 2016款, 两厢, 2.0L, 自动旗舰型
本田UR-V, 2017款, 370TURBO, 四驱尊享版
福特, 福克斯, 2012款, 三厢, 1.6L, 自动风尚型
现代, 索纳塔九, 2015款, 1.6T, GS时尚型
福特, 蒙迪欧, 2013款, 1.5L, GTDi180时尚型
MINI, Countryman, 2014款, 1.6L, ONE
吉利, 经典帝豪, 2013款, 两厢, 1.5L, 手动精英型
福特, 福克斯, 2012款, 两厢, 1.6L, 自动舒适型
雪佛兰, 科鲁兹, 2013款, 1.6L, SL, MT
奔驰C级, 2015款, 改款, C, 200, L
雪佛兰, 科帕奇, 2015款, 2.4L, 两驱城市版, 7座
别克GL8, 2014款, 2.4L, 经典版
福特, 锐界, 2015款, 2.7T, GTDi, 四驱尊锐型, 7座
MG3, 2014款, 1.3L, 手动舒适版
别克, 威朗, 2017款, 三厢, 15S, 自动领先型
奔驰GLC级, 2017款, GLC, 260, 4MATIC, 豪华型
凯迪拉克XT5, 2016款, 28T, 四驱豪华型
奇瑞, 艾瑞泽3, 2015款, 1.5L, 手动够劲版
哈弗H6, Coupe, 2015款, 蓝标, 2.0T, 自动两驱尊贵型
日产, 轩逸, 2016款, 经典, 1.6XE, 手动舒适版
雪佛兰, 科鲁兹, 2012款, 1.6L, SE, MT
雪佛兰, 科鲁兹, 2015款, 1.5L, 经典, SE, AT
吉利, 帝豪, 2016款, 两厢RS, 1.5L, 手动向上版
别克, 昂科拉, 2017款, 18T, 自动两驱都市领先型
福特, 蒙迪欧, 2013款, 2.0L, GTDi240至尊型
福特, 福克斯, 2009款, 两厢, 1.8L, 自动时尚型
大众, 速腾, 2015款, 1.6L, 自动舒适型
现代, 瑞纳, 2010款, 三厢, 1.4L, 手动舒适型GS
丰田, 汉兰达, 2012款, 2.7L, 两驱7座豪华版
奔腾B70, 2010款, 2.0L, 自动豪华型
荣威350, 2010款, 350C, 1.5L, 自动迅逸版
雪佛兰, 爱唯欧, 2011款, 三厢, 1.4L, MT, SL
雪佛兰, 爱唯欧, 2013款, 三厢, 1.4L, AT, 天窗版
现代, 全新胜达, 2015款, 2.0T, 自动两驱智能型, 5座
奔腾B50, 2012款, 1.6L, 手动天窗型
起亚K2, 2011款, 三厢, 1.4L, MT, TOP
现代, 全新胜达, 2015款, 2.0T, 自动四驱智能型, 5座
别克, 昂科威, 2015款, 20T, 两驱精英型
雪佛兰, 科鲁兹, 2011款, 1.6L, SL, MT
本田, 思域, 2016款, 220TURBO, 手动豪华版
马自达3星骋, 2011款, 三厢, 1.6L, 手动舒适型
大众, 途观L, 2018款, 330TSI, 自动两驱旗舰版
哈弗H6, 2014款, 运动版, 1.5T, 手动两驱精英型
福特, 蒙迪欧, 2013款, 2.0L, GTDi200时尚型
东风风行, 景逸S50, 2014款, 1.5L, 手动尊贵型
大众, 途观, 2012款, 1.8TSI, 自动两驱风尚版
起亚KX5, 2016款, 1.6T, 自动两驱DLX
起亚, 智跑, 2014款, 2.0L, 自动两驱版GLS
起亚K2, 2011款, 三厢, 1.4L, MT, GLS
奇瑞E3, 2015款, 1.5L, 手动风尚型
福特, 蒙迪欧, 2013款, 2.0L, GTDi200时尚型
吉利, 金刚, 2016款, 1.5L, 手动精英型
福特, 福克斯, 2013款, 三厢经典, 1.8L, 手动基本型
标致2008, 2014款, 1.6L, 手动时尚版
奔驰GLA级, 2015款, GLA, 220, 4MATIC, 时尚型
奔驰GLK级, 2012款, GLK, 300, 4MATIC, 时尚型
奇瑞E3, 2015款, 1.5L, 手动风尚型
宝马1系, 2013款, 改款, 118i, 领先型(进口)
大众POLO, 2016款, 1.6L, 自动豪华型
起亚, 智跑, 2014款, 2.0L, 自动两驱版DLX
标致408, 2013款, 2.0L, 自动舒适版
英菲尼迪ESQ, 2014款, 1.6L, 率性版(进口)
起亚, 智跑, 2012款, 2.0L, 自动两驱版NAVI
MG6, 2013款, 掀背, 1.8L, 自动驾值版
陆风X7, 2015款, 2.0T, 全景尊贵版
奥迪Q5, 2015款, 40, TFSI, 技术型
奔腾B50, 2013款, 1.6L, 手动豪华型
DS, 5, 2015款, 1.8T, 60周年限量版THP200
雪铁龙C5, 2011款, 东方之旅, 2.3L, 自动豪华型
大众, 高尔夫, 2016款, 1.6L, 自动时尚型
起亚K3, 2013款, 1.6L, 自动Premium
福特, 福克斯, 2013款, 两厢经典, 1.8L, 自动百万纪念版
现代, 悦动, 2011款, 1.6L, 自动舒适型
马自达6, 2013款, 2.0L, 自动时尚型
MG3, 2014款, 1.5L, AMT精英版
荣威350, 2015款, 1.5L, 手动豪华天窗版
福特, 福克斯, 2012款, 两厢, 1.6L, 自动风尚型
宝马3系, 2011款, 320i, 豪华型
标致301, 2014款, 1.6L, 手动舒适版
日产, 骐达, 2016款, 1.6L, CVT酷动版
比亚迪, 元, 2016款, 1.5L, 自动豪华型
日产, 轩逸, 2012款, 经典, 1.6XE, 自动舒适版
起亚K2, 2017款, 三厢, 1.4L, MT, GLS
大众, 宝来, 2012款, 1.6L, 手动时尚超值版
标致308, 2014款, 乐享版, 经典, 1.6L, 自动优尚型
大众, 朗逸, 2015款, 1.6L, 手动风尚版
别克, 君威, 2014款, 2.0L, 精英时尚型
现代, 朗动, 2015款, 1.6L, 自动尊贵型
斯巴鲁XV, 2012款, 2.0i, 豪华版
福特, 福克斯, 2013款, 两厢经典, 1.8L, 自动时尚型
雪佛兰, 科鲁兹, 2013款, 1.6L, SL, MT
标致301, 2014款, 1.6L, 自动豪华版
荣威950, 2012款, 2.0L, 典雅版
雷诺, 科雷傲, 2012款, 2.5L, 四驱舒适导航版(进口)
起亚K4, 2014款, 1.8L, 自动DLX
雪佛兰, 创酷, 2016款, 1.4T, 手动两驱舒适天窗版
奔驰GLK级, 2015款, GLK, 260, 4MATIC, 动感型, 极致版
大众, 帕萨特, 2013款, 1.8TSI, DSG政府采购版
大众, 迈腾, 2012款, 改款, 2.0TSI, 至尊型
大众, 途安, 2015款, 1.4T, 自动舒适版5座
别克, 昂科拉, 2015款, 1.4T, 自动两驱都市精英型
大众, 迈腾, 2012款, 1.8TSI, 豪华型
凯迪拉克XTS, 2016款, 28T, 豪华型
日产, 骐达, 2008款, 1.6L, 手动时尚型
雪佛兰, 赛欧, 2013款, 三厢, 1.4L, 手动优逸版
福特, 翼搏, 2013款, 1.5L, 自动风尚型
别克, 君越, 2013款, 2.4L, SIDI领先舒适型
丰田, 卡罗拉, 2017款, 改款, 1.2T, S-CVT, GL-i
别克, 君威, 2014款, 2.0L, 精英时尚型
奔驰C级, 2017款, 改款, C, 200, L, 运动版
长安CS75, 2014款, 2.0L, 手动豪华型, 国V
铃木, 天语, SX4, 2011款, 改款, 1.6L, 手动舒适型
丰田, 卡罗拉, 2014款, 1.6L, CVT, GL-i
马自达CX-5, 2015款, 2.0L, 手动两驱舒适型
现代, 全新胜达, 2015款, 2.0T, 自动两驱智能型, 5座
日产, 天籁, 2013款, 2.0L, XL舒适版
奥迪Q5, 2017款, 40, TFSI, 技术型
福特, 翼虎, 2015款, 1.5L, GTDi, 两驱风尚型
现代, 途胜, 2015款, 1.6T, 双离合两驱智能型
福特, 翼虎, 2015款, 1.5L, GTDi, 两驱风尚型
路虎, 发现神行, 2017款, 2.0T, SE
别克, 威朗, 2017款, 三厢, 20T, 双离合旗舰型
荣威RX5, 2018款, 20T, 两驱自动互联网智惠版
起亚KX5, 2016款, 1.6T, 自动两驱Premium
别克, 昂科拉, 2014款, 1.4T, 自动两驱都市精英型
道奇, 酷威, 2013款, 2.4L, 两驱尊尚版(进口)
奥迪Q5, 2015款, 40, TFSI, 进取型
大众, 朗逸, 2011款, 1.6L, 自动品悠版
福特, 福克斯, 2015款, 三厢, 1.6L, 手动舒适型
凯迪拉克ATS-L, 2016款, 28T, 时尚型
荣威550, 2012款, 550, 1.8L, 手动超值版
现代ix25, 2015款, 1.6L, 自动两驱智能型GLS
标致2008, 2014款, 1.6L, 自动时尚版
宝马X1, 2014款, sDrive18i, 时尚型
宝马1系, 2013款, 改款, 118i, 领先型(进口)
福特, 福克斯, 2013款, 三厢经典, 1.8L, 自动基本型
奔驰C级, 2011款, C, 200, CGI, 优雅型
宝马5系, 2013款, 520Li, 典雅型
福特, 翼虎, 2015款, 2.0L, GTDi, 四驱运动型
比亚迪S6, 2014款, 2.0L, 手动豪华型, 5座
别克, 威朗, 2015款, 三厢, 15S, 自动进取型
福特, 蒙迪欧, 2013款, 1.5L, GTDi180时尚型
奔驰E级, 2010款, E, 200, CGI, 优雅型(进口)
奥迪Q7, 2011款, 3.0, TFSI, 技术型(200kW)(进口)
哈弗H6, 2014款, 运动版, 1.5T, 手动两驱精英型
奔驰GLC级, 2016款, GLC, 200, 4MATIC
别克, 英朗, 2013款, GT, 1.6L, 手动进取版
本田, 凌派, 2016款, 1.8L, CVT豪华版
现代ix35, 2010款, 2.0L, 自动两驱精英版GLS
别克, 君威, 2014款, 2.0L, 精英时尚型
大众, 高尔夫, 2016款, 230TSI, 自动豪华型
本田, 奥德赛, 2015款, 改款, 2.4L, 智享版
起亚K2, 2011款, 三厢, 1.6L, AT, Premium
宝马X3, 2012款, xDrive28i, 领先型(进口)
别克, 君威, 2012款, 2.0L, 舒适版
别克GL8, 2014款, 2.4L, 经典版
大众CC, 2016款, 2.0TSI, 豪华型
雪佛兰, 爱唯欧, 2011款, 三厢, 1.4L, MT, SL
宝马5系, 2013款, 525Li, 领先型
起亚K5, 2016款, 1.6T, 自动LUX
奥迪A6L, 2012款, TFSI, 标准型
现代, 全新胜达, 2013款, 2.4L, 自动两驱智能型
福特, 福克斯, 2012款, 三厢, 1.6L, 手动舒适型
大众CC, 2016款, 1.8TSI, 豪华型
奔驰C级, 2016款, C, 180, 旅行轿车(进口)
别克GL8, 2014款, 2.4L, 经典版
大众, 高尔夫, 2015款, 1.4TSI, 自动舒适型
宝马1系, 2012款, 116i, 都市型(进口)
宝马3系, 2016款, 320Li, 进取型
大众, 朗逸, 2017款, 1.6L, 自动舒适版
大众, 凌渡, 2015款, 280TSI, DSG舒适版
大众, 途观, 2012款, 2.0TSI, 自动四驱旗舰版
奥迪TT, 2011款, TT, Coupe, 2.0TFSI(进口)
丰田, 普拉多, 2016款, 3.5L, 自动TX-L
奔驰C级, 2011款, C, 200, CGI, 优雅型
奔驰GLA级, 2015款, GLA, 200, 时尚型
本田, 雅阁, 2015款, 2.0L, EX, 豪华版
奥迪A3, 2014款, Sportback, 35, TFSI, 自动舒适型
福特, 蒙迪欧-致胜, 2011款, 2.3L, 时尚型
大众, 桑塔纳, 2013款, 1.6L, 自动风尚版
丰田, 雷凌, 2017款, 改款, 185T, CVT精英版, 国V
比亚迪F3, 2018款, 1.5L, 手动精英型
起亚, 狮跑, 2013款, 2.0L, 手动两驱版GLS
北汽绅宝, 绅宝D50, 2018款, 1.5L, CVT豪华智驾版
Jeep, 自由客, 2014款, 2.4L, 运动版(进口)
大众, 高尔夫·嘉旅, 2016款, 1.6L, 自动舒适型
大众POLO, 2013款, 1.4L, 手动风尚版
福特, 蒙迪欧, 2013款, 1.5L, GTDi180时尚型
大众, 宝来, 2018款, 1.5L, 自动舒适型
众泰SR7, 2016款, 1.5T, CVT魔方之心版, 国V
丰田, 卡罗拉, 2017款, 改款, 1.2T, S-CVT, GL
斯柯达, 晶锐, 2014款, 1.4L, 自动晶灵版
凯迪拉克XTS, 2013款, 28T, 科技型
雪佛兰, 科沃兹, 2016款, 1.5L, 自动欣尚版
凯迪拉克SRX, 2012款, 3.0L, 领先型(进口)
福特, 福克斯, 2012款, 三厢, 1.6L, 手动风尚型
奥迪Q5, 2012款, 2.0TFSI, 技术型
日产, 轩逸, 2012款, 经典, 1.6XE, 自动舒适版
沃尔沃XC60, 2019款, T5, 四驱智远版, 国VI
斯柯达, 明锐, 2017款, 1.6L, 自动智行版
Smart, smart, fortwo, 2012款, 1.0, MHD, 硬顶标准版
荣威360, 2017款, 1.5L, 自动智屏版
路虎, 揽胜极光, 2014款, 2.0T, 5门耀动版(进口)
起亚K5, 2015款, 2.0L, 自动LUX
奔驰C级, 2010款, C, 200, CGI, 时尚型
奥迪Q5, 2017款, Plus, 40, TFSI, 技术型
荣威360, 2015款, 20T, TST尊享版
奔驰C级, 2016款, C, 200, L, 运动型
起亚K4, 2017款, 1.6T, 自动T-DLX, Turbo
别克, 英朗, 2017款, 15N, 自动进取型
宝马X3, 2013款, 改款, xDrive20i, 豪华型(进口)
雪佛兰, 科鲁兹, 2015款, 1.5L, 经典, SE, AT
起亚, 凯绅, 2017款, 1.8L, 自动GLS
别克, 君越, 2013款, 2.4L, SIDI精英舒适型
大众, 迈腾, 2016款, 1.8TSI, 智享豪华型
标致408, 2016款, 1.6T, 自动豪华版
大众, 高尔夫, 2014款, 1.4TSI, 自动豪华型
日产, 逍客, 2011款, 2.0XL, 火, CVT, 2WD
Jeep, 自由侠, 2017款, 180T, 自动高能版
大众, 高尔夫, 2014款, 1.6L, 自动时尚型
大众, 捷达, 2013款, 1.6L, 自动舒适型
中华V3, 2016款, 1.5L, 自动智能型
雪铁龙, 爱丽舍, 2017款, 1.6L, 手动时尚型
大众, 速腾, 2015款, 230TSI, 手动舒适型
斯柯达, 昊锐, 2009款, 1.8TSI, 自动优雅版
马自达6, 2012款, 2.0L, 自动时尚型
荣威350, 2014款, 1.5L, 手动迅驰版
大众POLO, 2014款, 1.6L, 自动舒适版
大众POLO, 2011款, 劲取, 1.6L, 自动实酷版
现代, 悦动, 2011款, 1.6L, 自动豪华型
大众POLO, 2009款, 劲情, 1.4L, 自动舒尚版
标致408, 2011款, 2.0L, 自动舒适版
别克, 英朗, 2013款, GT, 1.6L, 自动时尚版
福特, 翼虎, 2015款, 1.5L, GTDi, 两驱舒适型
大众, 桑塔纳, 2015款, 1.6L, 自动风尚版
标致3008, 2013款, 2.0L, 自动潮流版
荣威350, 2011款, 350S, 1.5L, 自动迅悦版
福特, 蒙迪欧, 2013款, 2.0L, GTDi240豪华运动型
菲亚特, 菲翔, 2012款, 1.4T, 自动尊享版
大众POLO, 2013款, 1.4L, 手动风尚版
马自达, 阿特兹, 2017款, 2.0L, 蓝天豪华版
起亚, 智跑, 2015款, 2.0L, 自动两驱版GLS
斯柯达, 明锐, 2013款, 1.6L, 手动逸俊版
雪佛兰, 景程, 2011款, 1.8, 舒适版, MT
MG3, 2014款, 1.5L, AMT精英版
三菱, 劲炫ASX, 2013款, 2.0L, CVT两驱精英版
别克, 威朗, 2015款, 三厢, 15S, 自动领先型
哈弗H6, 2014款, 运动版, 1.5T, 手动两驱精英型
日产, 轩逸, 2012款, 经典, 1.6XE, 自动舒适版
哈弗H2, 2014款, 1.5T, 手动两驱精英版
大众, 途观, 2015款, 1.8TSI, 自动两驱豪华型
别克, 昂科威, 2018款, 20T, 两驱精英型
哈弗H6, 2016款, 升级版, 1.5T, 手动两驱精英型
哈弗H6, 2017款, 经典版, 1.5T, 手动两驱都市型
宝马X1, 2012款, sDrive20i, 领先型
哈弗H1, 2016款, 蓝标, 1.5L, AMT豪华型
纳智捷, 优6, SUV, 2014款, 1.8T, 时尚型
雪铁龙, 世嘉, 2010款, 三厢, 1.6L, 手动尚乐版
福特, 翼搏, 2013款, 1.5L, 手动舒适型
福特, 蒙迪欧, 2013款, 1.5L, GTDi180时尚型
比亚迪S6, 2014款, 1.5TI, 手动尊贵型, 5座
江淮, 瑞风A60, 2017款, 1.5TGDI, 自动豪华型
宝马5系, 2017款, 525Li, 豪华设计套装
福特, 福睿斯, 2015款, 1.5L, 手动舒适型
福特, 福克斯, 2012款, 两厢, 1.6L, 自动舒适型
众泰T600, 2014款, 1.5T, 手动豪华型
荣威550, 2010款, 550, 1.8L, 手动启悦贺岁版
雪佛兰, 迈锐宝, 2017款, 1.5T, 自动豪华版
马自达3星骋, 2011款, 三厢, 1.6L, 手动舒适型
福特, 福克斯, 2012款, 三厢, 1.6L, 自动风尚型
现代, 瑞纳, 2010款, 三厢, 1.4L, 手动舒适型GS
大众, 宝来, 2014款, 1.6L, 自动舒适型
大众, 朗逸, 2013款, 改款经典, 1.6L, 手动风尚版
荣威350, 2014款, 1.5L, 手动迅捷版
别克, 英朗, 2013款, XT, 1.6L, 手动进取版
大众, 速腾, 2018款, 280TSI, DSG熠动版
东南DX3, 2016款, 1.5T, SRG, 手动旗舰型
福特, 福克斯, 2012款, 两厢, 1.6L, 手动舒适型
荣威350, 2012款, 1.5L, 自动新禧超值版
比亚迪S6, 2013款, 白金版, 2.0L, 手动尊贵型
雪佛兰, 科鲁兹, 2013款, 1.6L, SE, MT
雪佛兰, 迈锐宝, 2014款, 2.0L, 自动豪华版
雷诺, 科雷傲, 2012款, 2.5L, 四驱舒适导航版(进口)
哈弗H6, 2016款, 升级版, 1.5T, 手动两驱精英型
福特, 翼搏, 2013款, 1.5L, 手动风尚型
奇瑞, 瑞虎, 2012款, 精英版, 1.6L, 手动舒适型DVVT
大众, 凌渡, 2017款, 280TSI, DSG舒适版
长城M4, 2012款, 1.5L, 手动舒适型
起亚K2, 2011款, 三厢, 1.4L, AT, GLS
别克, 英朗, 2013款, GT, 1.6L, 自动舒适版
雪佛兰, 2016款, 赛欧3, 1.3L, 手动舒适天窗版
马自达3, 2010款, 1.6L, 手动经典时尚型
福特, 翼虎, 2013款, 1.6L, GTDi, 四驱精英型
大众, 捷达, 2015款, 质惠版, 1.6L, 手动舒适型
别克, 凯越, 2011款, 1.6LE-MT
福特, 福睿斯, 2015款, 1.5L, 自动时尚型
长安, 逸动, 2015款, 1.6L, 手动豪华型, 国V
奇瑞, 艾瑞泽7, 2013款, 1.6L, 手动致尚版
纳智捷, 纳5, 2015款, 1.8T, 手动智慧型
荣威350, 2014款, 1.5L, 手动迅驰版
福特, 福睿斯, 2015款, 1.5L, 自动舒适型
斯柯达, 晶锐, 2012款, 1.4L, 手动晶致版
雪佛兰, 科鲁兹, 2013款, 1.8L, SE, AT
海马, 普力马, 2010款, 1.6L, 手动5座基本
吉利, 帝豪GS, 2016款, 运动版, 1.3T, 手动领尚型
福特, 福睿斯, 2015款, 1.5L, 自动时尚型
东南, V5菱致, 2015款, 1.5L, 手动爵士版
MG6, 2012款, 掀背, 1.8T, 手动性能版
MG6, 2011款, 三厢, 1.8L, 手动舒适版
大众, 迈腾, 2013款, 1.8TSI, 豪华型
宝骏630, 2013款, 1.5L, 手动精英型
MG3, 2014款, 1.3L, 手动舒适版
福特, 福克斯, 2012款, 三厢经典, 1.8L, 手动时尚型
别克, 昂科拉, 2013款, 1.4T, 自动两驱精英型
东风风行, 景逸X5, 2013款, 1.6L, 手动尊享型, 国IV
现代ix35, 2010款, 2.0L, 自动两驱精英版GLS
雪佛兰, 迈锐宝, 2014款, 2.0L, 自动豪华版
吉利, 经典帝豪, 2013款, 三厢, 1.5L, 手动进取型
现代, 瑞纳, 2010款, 三厢, 1.4L, 手动舒适型GS
雪佛兰, 爱唯欧, 2014款, 三厢, 1.4SL, AT, 时尚版
奥迪Q3, 2012款, 35, TFSI, quattro, 舒适型(进口)
吉利, 经典帝豪, 2013款, 三厢, 1.5L, 手动进取型
海马, 福美来, 2014款, M5, 1.6L, 手动精英型
本田, 缤智, 2015款, 1.8L, CVT两驱豪华型
标致308, 2014款, 乐享版, 经典, 1.6L, 手动优尚型
雪佛兰, 创酷, 2014款, 1.4T, 自动两驱豪华型
别克, 君威, 2015款, 2.0L, 精英时尚型
雪佛兰, 创酷, 2014款, 1.4T, 自动两驱豪华型
大众, 捷达, 2015款, 1.6L, 手动舒适型
长城M4, 2014款, 1.5L, 手动舒适型
DS, 5LS, 2014款, 1.8L, 自动舒适版VTi140
起亚K2, 2012款, 三厢, 1.4L, MT, GLS纪念版
福特, 福克斯, 2013款, 两厢经典, 1.8L, 自动时尚型
本田, 飞度, 2014款, 1.5L, LX, 手动舒适型
DS, 5LS, 2014款, 1.8L, 手动舒适版VTi140
大众POLO, 2018款, 1.5L, 自动安驾型
大众POLO, 2016款, 1.6L, 自动舒适型
大众, 朗逸, 2013款, 改款经典, 1.6L, 自动舒适版
雪铁龙C5, 2013款, 2.0L, 手动舒适型
福特, 嘉年华, 2013款, 三厢, 1.5L, 自动时尚型
哈弗H2, 2014款, 1.5T, 手动两驱精英版
福特, 福克斯, 2013款, 两厢经典, 1.8L, 自动时尚型
大众POLO, 2014款, 1.6L, 手动舒适版
丰田, 威驰, 2014款, 1.3L, 自动型尚版
荣威350, 2013款, 350S, 1.5L, 手动迅驰版
起亚K3, 2016款, 1.6L, 自动GL
日产, 天籁, 2011款, 2.0L, XL舒适版
海马M3, 2016款, 1.5L, CVT智能舒适型
大众POLO, 2014款, 1.6L, 手动舒适版
长安CS35, 2017款, 1.6L, 自动豪华型
比亚迪, 秦, 2014款, 1.5T, 旗舰型
奔腾X80, 2013款, 2.0L, 自动豪华型
荣威RX5, 2018款, 20T, 两驱手动旗舰版
福特, 福克斯, 2015款, 三厢, 1.6L, 自动风尚型
奔驰GLK级, 2015款, GLK, 260, 4MATIC, 动感型, 极致版
吉利, 帝豪, 2014款, 三厢, 1.5L, CVT精英型
福特, 福克斯, 2012款, 三厢, 1.6L, 手动舒适型
菲亚特, 菲翔, 2012款, 1.4T, 自动悦享版
马自达6, 2013款, 2.0L, 自动时尚型
别克, 凯越, 2013款, 1.5L, 自动经典型
福特, 福克斯, 2013款, 两厢经典, 1.8L, 手动基本型
别克, 英朗, 2014款, XT, 1.6L, 自动时尚版
别克GL8, 2014款, 2.4L, 经典版
奥迪Q7, 2014款, 35, TFSI, 运动型(进口)
雪佛兰, 科鲁兹, 2013款, 1.6L, SE, MT
奇瑞, 瑞虎3, 2015款, 1.6L, CVT智尚运动版
马自达6, 2013款, 2.0L, 自动时尚型
别克, 凯越, 2013款, 1.5L, 自动经典型
奔驰E级, 2015款, E, 200, L
别克, 英朗, 2015款, 15N, 自动进取型
雪铁龙, 世嘉, 2016款, 经典, 三厢, 1.6L, 自动品尚型
马自达, 昂克赛拉, 2016款, 三厢, 1.5L, 自动舒适型
本田, 飞度, 2016款, 1.5L, LX, 手动舒适型
大众POLO, 2013款, 1.4L, 手动风尚版
起亚K5, 2011款, 2.0L, 自动DLX
吉利, 远景X1, 2017款, 1.3L, 自动玩家版
标致308, 2013款, 1.6L, 自动优尚型
福特, 福克斯, 2012款, 两厢, 1.6L, 自动舒适型
大众, 宝来, 2012款, 1.6L, 手动时尚超值版
雷诺, 科雷傲, 2012款, 2.5L, 四驱舒适导航版(进口)
奥迪Q5, 2013款, 40, TFSI, 技术型
福特, 福睿斯, 2015款, 1.5L, 自动时尚型
吉利, 博越, 2016款, 1.8TD, 自动四驱智尊型
凯迪拉克ATS-L, 2016款, 28T, 时尚型
福特, 翼搏, 2013款, 1.5L, 自动尊贵型
大众, 捷达, 2015款, 质惠版, 1.6L, 自动舒适型
宝马3系, 2012款, 318i领先型(进口)
标致2008, 2014款, 1.6L, 自动潮流版
福特, 福克斯, 2012款, 两厢, 1.6L, 手动舒适型
别克GL8, 2014款, 2.4L, 经典版
荣威950, 2012款, 2.0L, 典雅版
长安CS35, 2015款, 1.6L, 手动豪华型, 国IV
现代, 名图, 2014款, 1.8L, 自动尊贵型DLX
铃木, 雨燕, 2013款, 1.5L, 手动运动版
日产, 蓝鸟, 2016款, 1.6L, CVT炫酷版
宝骏510, 2017款, 1.5L, 手动时尚型
本田, 凌派, 2013款, 1.8L, 自动豪华版
标致308, 2013款, 1.6L, 手动优尚型
雪铁龙C3-XR, 2015款, 1.6L, 自动智能型
大众, 高尔夫·嘉旅, 2016款, 1.6L, 自动舒适型
别克GL8, 2014款, 2.4L, 经典版
雪佛兰, 科鲁兹, 2012款, 1.6L, SE, AT
别克, 君威, 2014款, 2.0L, 精英时尚型
大众, 朗逸, 2013款, 改款经典, 1.6L, 自动风尚版
本田, 凌派, 2016款, 1.8L, CVT豪华版
奥迪A4L, 2016款, 35, TFSI, 典藏版, 自动标准型
别克, 君越, 2013款, 2.4L, SIDI精英舒适型
现代ix35, 2018款, 2.0L, 自动两驱智勇·畅享版
标致2008, 2014款, 1.6L, 自动时尚版
别克, 威朗, 2015款, 三厢, 15S, 自动领先型
起亚K3, 2016款, 1.6L, 手动GL
大众, 夏朗, 2014款, 2.0TSI, 标配型(进口)
捷豹XJ, 2015款, XJL, 3.0, SC, 典雅商务80周年典藏版
雪铁龙C5, 2010款, 2.3L, 自动尊贵型
福特, 嘉年华, 2013款, 两厢, 1.5L, 自动时尚型
哈弗H6, 2013款, 升级版, 1.5T, 手动两驱精英型
MINI, 2016款, 1.2T, ONE, 先锋派
大众, 帕萨特, 2016款, 330TSI, DSG御尊版
起亚K5, 2015款, 2.0L, 自动GL
大众, 高尔夫, 2011款, 1.4TSI, Cross, Golf(进口)
马自达, 昂克赛拉, 2017款, 三厢, 1.5L, 自动豪华型, 国V
丰田, 汉兰达, 2009款, 2.7L, 两驱7座豪华版
荣威RX5, 2016款, 20T, 两驱自动互联网智享版
别克, 昂科拉, 2015款, 1.4T, 自动两驱都市精英型
福特, 福克斯, 2013款, 三厢经典, 1.8L, 手动基本型
本田, 杰德, 2016款, 1.8L, 自动舒适精英版, 5座
荣威RX5, 2016款, 30T, 两驱自动互联网智享版
哈弗H7, 2016款, 蓝标H7, 2.0T, 自动豪华型
大众, 帕萨特, 2014款, 1.8TSI, DSG尊雅版
斯柯达, 明锐, 2013款, 1.6L, 手动逸杰版
福特, 福睿斯, 2015款, 1.5L, 自动舒适型
马自达, 昂克赛拉, 2017款, 三厢, 1.5L, 自动舒适型, 国V
现代, 悦动, 2011款, 1.6L, 手动舒适型
雪佛兰, 科鲁兹, 2013款, 1.8L, SE, AT
沃尔沃V40, 2013款, 2.0T, 智逸版(进口)
雪佛兰, 科鲁兹, 2013款, 1.6L, SE, MT
奔驰C级, 2015款, C, 200, L, 运动型
别克, 英朗, 2013款, GT, 1.6L, 自动时尚版
本田CR-V, 2013款, 2.0L, 两驱经典版
奥迪Q5, 2016款, 40, TFSI, 技术型
起亚, 福瑞迪, 2014款, 1.6L, MT, GLS
哈弗H6, 2014款, 运动版, 1.5T, 手动两驱精英型
大众, 朗逸, 2013款, 改款经典, 1.6L, 手动舒适版
别克, 昂科拉, 2015款, 1.4T, 自动两驱都市领先型
斯柯达Yeti, 2014款, 1.8TSI, DSG极地版
长安, 逸动, 2015款, 1.6L, 手动尊贵型, 国V
别克, 昂科威, 2015款, 20T, 两驱精英型
荣威550, 2012款, 550, 1.8L, 手动超值版
马自达, 阿特兹, 2014款, 2.0L, 蓝天豪华版
奔驰A级, 2013款, A, 180, 时尚型(进口)
别克, 昂科拉, 2013款, 1.4T, 自动两驱精英型
奥迪A3, 2015款, Limousine, 40, TFSI, 自动舒适型
奥迪A4L, 2015款, 35, TFSI, 自动标准型
三菱, 劲炫ASX, 2018款, 2.0L, CVT两驱尊享版
比亚迪, 速锐, 2012款, 1.5L, 手动豪华型
雪铁龙C5, 2017款, 350THP, 自动豪华型
现代ix35, 2013款, 2.0L, 自动两驱智能型GLS, 国IV
大众, 朗逸, 2013款, 改款经典, 1.6L, 手动风尚版
长安, 悦翔V3, 2015款, 1.4L, 手动美满型, 国V
东南DX7, 2018款, Prime, 1.8T, DCT尊贵型
福特, 蒙迪欧, 2017款, EcoBoost, 180, 时尚型
MG3, 2011款, 1.5L, AMT精英版
哈弗H6, 2014款, 运动版, 1.5T, 手动两驱精英型
马自达CX-5, 2012款, 2.0L, 两驱舒适版(进口)
Jeep, 自由光, 2016款, 2.4L, 领先版智能包
奔驰GLA级, 2016款, GLA, 200, 时尚型
大众, 途观L, 2017款, 330TSI, 自动两驱豪华版
别克, 英朗, 2013款, GT, 1.6L, 手动进取版
奔驰C级, 2015款, C, 300, 运动版
宝马5系, 2013款, 525Li, 豪华型
凯迪拉克XTS, 2016款, 28T, 技术型
雪佛兰, 迈锐宝, 2013款, 2.4L, 自动豪华版
凯迪拉克ATS-L, 2016款, 28T, 时尚型
大众, 速腾, 2012款, 1.6L, 手动时尚型
奔驰GLA级, 2015款, GLA, 200, 时尚型
道奇, 酷威, 2013款, 2.4L, 两驱尊尚版(进口)
哈弗H6, 2015款, 升级版, 1.5T, 手动两驱精英型
雷克萨斯NX, 2015款, 200, 前驱, 锋行版
奔驰C级, 2015款, 改款, C, 200, L, 运动型
别克, 君越, 2013款, 2.4L, SIDI精英舒适型
福特, 福克斯, 2017款, 三厢, 1.6L, 自动风尚型智行版
起亚KX3, 2015款, 1.6L, 自动两驱DLX
宝马X3, 2014款, xDrive20i, X设计套装(进口)
哈弗H6, 2015款, 运动版, 1.5T, 自动两驱尊享型
奔驰C级, 2015款, C, 180, L, 运动型
大众, 甲壳虫, 2014款, 1.4TSI, R-Line(进口)
现代, 悦动, 2011款, 1.6L, 手动舒适型
奥迪Q5, 2016款, 40, TFSI, 技术型
大众, 途观, 2013款, 1.8TSI, 自动两驱舒适版
大众, 途观, 2016款, 300TSI, 自动两驱舒适版
大众, 高尔夫, 2016款, 1.6L, 自动舒适型
现代, 朗动, 2015款, 1.6L, 自动领先型
福特, 福克斯, 2015款, 三厢, 1.6L, 自动风尚型
斯柯达, 明锐, 2015款, 1.4TSI, DSG逸尊版
别克, 凯越, 2013款, 1.5L, 手动经典型
奥迪A3, 2013款, Sportback, 30, TFSI, 豪华型(进口)
雪铁龙, 世嘉, 2012款, 三厢, 1.6L, 手动品尚型
路虎, 揽胜极光, 2017款, 2.0T, SE, PLUS, 智享版
哈弗H6, 2016款, 升级版, 1.5T, 手动两驱超值型
别克, 威朗, 2018款, 三厢, 15S, 自动领先型
别克, 威朗, 2019款, 三厢, 15S, 自动进取型
哈弗H2, 2016款, 红标, 1.5T, 自动两驱豪华型
丰田, YARiS, L, 致炫, 2014款, 1.5G, 手动炫动版
丰田, 凯美瑞, 2013款, 200G, 经典豪华版
DS, 5LS, 2016款, 1.6T, 舒适版THP160
宝马X1, 2016款, sDrive18Li, 豪华型
本田, 飞度, 2014款, 1.5L, LX, CVT舒适型
雪佛兰, 科鲁兹, 2016款, 1.5L, 自动时尚天窗版
大众POLO, 2014款, 1.6L, 自动舒适版
北京BJ20, 2016款, 1.5T, CVT豪华型
哈弗H6, 2016款, 升级版, 1.5T, 手动两驱都市型
起亚, 福瑞迪, 2018款, 1.6L, 自动智享互联版Value-Connect
日产, 逍客, 2016款, 2.0L, CVT精英版
哈弗H1, 2016款, 蓝标, 1.5L, AMT豪华型
大众, 速腾, 2015款, 1.6L, 自动舒适型
斯柯达Yeti, 2016款, 1.4TSI, DSG前行版
福特, 福克斯, 2017款, 两厢, 1.6L, 手动舒适型智行版
大众, 捷达, 2015款, 质惠版, 1.6L, 手动舒适型
丰田, 卡罗拉, 2011款, 1.6L, 手动GL
Smart, smart, fortwo, 2015款, 1.0, MHD, 炫闪特别版
大众, 宝来, 2019款, 280TSI, DSG豪华型
吉利, 博越, 2016款, 2.0L, 手动智联型
荣威RX5, 2016款, 20T, 两驱手动旗舰版
奥迪A4L, 2012款, 2.0, TFSI, 自动舒适型
东南DX7, 2016款, 1.5T, 自动荣耀版
现代, 名图, 2016款, 1.6T, 自动旗舰型TOP
丰田, 卡罗拉, 2014款, 1.6L, CVT, GL
传祺GS5, 2012款, 2.0L, 自动两驱周年纪念版
雪铁龙C5, 2013款, 2.0L, 自动尊享型
标致2008, 2014款, 1.6L, 自动时尚版
别克, 君越, 2011款, eAssist, 2.4L雅致版
雪佛兰, 科鲁兹, 2017款, 1.4T, 双离合炫锋版
现代, 朗动, 2012款, 1.6L, 手动领先型
Smart, smart, fortwo, 2012款, 1.0, MHD, 硬顶标准版
雪铁龙C5, 2012款, 2.0L, 自动尊享型
别克, 威朗, 2015款, 三厢, 15S, 自动领先型
斯柯达, 昊锐, 2012款, 1.4TSI, DSG优雅版
丰田, 卡罗拉, 2014款, 1.6L, CVT, GL
大众POLO, 2011款, 1.4L, 自动致酷版
别克, 君威, 2014款, 2.0L, 领先时尚型
雪佛兰, 科帕奇, 2012款, 2.4L, 四驱旗舰版, 7座
现代, 名图, 2014款, 1.8L, 自动智能型GLS
大众POLO, 2013款, 1.6L, 自动舒适版
现代ix35, 2018款, 2.0L, 自动两驱智勇·畅享版
比亚迪G5, 2014款, 1.5TI, 手动尊贵型
别克, 凯越, 2013款, 1.5L, 自动经典型
江淮, 瑞风S2, 2015款, 1.5L, CVT豪华智能型
大众CC, 2012款, 1.8TSI, 精英型
大众, 朗逸, 2013款, 改款, 1.4TSI, DSG舒适版
福特, 福克斯, 2012款, 两厢, 1.6L, 自动舒适型
日产, 阳光, 2011款, 1.5XL, CVT豪华版
凯迪拉克CT6, 2016款, 28T, 豪华型
本田, 雅阁, 2010款, 2.0L, EX
马自达, 昂克赛拉, 2016款, 三厢, 1.5L, 自动舒适型
本田XR-V, 2015款, 1.5L, LXi, CVT经典版
传祺GA6, 2016款, 235T, DCT精英版
宝马5系, 2014款, 525Li, 豪华设计套装
丰田, 威驰, 2017款, 1.5L, CVT创行版
雪铁龙C3-XR, 2015款, 1.6L, 自动先锋型
斯柯达, 速派, 2013款, 1.8TSI, 自动名仕版
雪佛兰, 科鲁兹, 2012款, 1.8L, SE, AT
奔驰C级, 2010款, C, 200, CGI, 时尚型
丰田, 凯美瑞, 2013款, 200G, 经典豪华版
比亚迪, 速锐, 2015款, 1.5L, 手动豪华型
起亚, 智跑, 2015款, 2.0L, 自动两驱版GL
别克, 凯越, 2013款, 1.5L, 自动经典型
别克, 昂科拉, 2013款, 1.4T, 自动两驱精英型
路虎, 揽胜极光, 2015款, 2.0T, 五门智耀版
别克, 君威, 2014款, GS, 2.0T, 纵情运动版
Jeep, 指南者, 2014款, 2.4L, 四驱蛇行珍藏版(进口)
长安, 睿骋, 2014款, 1.8T, 自动精英周年版, 国V
日产, 阳光, 2015款, 1.5XE, 手动大师版
日产, 天籁, 2011款, 2.0L, XL舒适版
宝马3系, 2015款, 328Li, xDrive时尚型
路虎, 发现神行, 2016款, 2.0T, HSE
大众, 捷达, 2015款, 1.4L, 手动舒适型
别克, 凯越, 2011款, 1.6LE-AT
丰田, 卡罗拉, 2014款, 1.6L, CVT, GLX-i
荣威350, 2013款, 350C, 1.5L, 自动迅悦版
众泰T600, 2015款, 2.0T, 自动尊贵型
本田, 锋范经典, 2012款, 1.5L, 自动精英版
日产, 骐达, 2011款, 1.6L, CVT舒适型
奇瑞, 艾瑞泽7, 2013款, 1.6L, CVT致尚版
斯柯达, 速派, 2013款, 1.4TSI, DSG绅仕版
捷豹XE, 2015款, 2.0T, 200PS, R-Sport
福特, 福睿斯, 2015款, 1.5L, 自动舒适型
马自达, 昂克赛拉, 2016款, 三厢, 1.5L, 自动舒适型
江淮, 瑞风S5, 2015款, 1.5T, 自动精英型
大众POLO, 2014款, 1.6L, 手动舒适版
福特, 福克斯, 2011款, 三厢, 1.8L, 手动经典型
宝马1系, 2015款, 118i, 领先型(进口)
斯巴鲁XV, 2014款, 2.0i, 豪华版
福特, 福克斯, 2011款, 两厢, 1.8L, 手动舒适型
马自达, 昂克赛拉, 2016款, 三厢, 1.5L, 自动舒适型
奇瑞, 瑞虎5, 2014款, 2.0L, 手动智云版
本田CR-V, 2015款, 2.0L, 两驱风尚版
福特, 福克斯, 2012款, 三厢, 1.6L, 自动舒适型
别克, 凯越, 2011款, 1.6LE-MT
哈弗H6, 2016款, 升级版, 1.5T, 手动两驱精英型
哈弗H6, 2015款, 升级版, 1.5T, 手动两驱精英型
福特, 福克斯, 2012款, 三厢, 1.6L, 自动舒适型
斯柯达, 明锐, 2012款, 1.6L, 手动逸俊版
大众, 朗逸, 2013款, 改款经典, 1.6L, 自动风尚版
奔驰GLA级, 2015款, GLA, 200, 动感型
奔驰GLA级, 2015款, GLA, 220, 4MATIC, 豪华型
标致308, 2014款, 乐享版, 经典, 1.6L, 手动优尚型
现代ix25, 2015款, 1.6L, 自动两驱智能型GLS
凯迪拉克ATS-L, 2014款, 25T, 时尚型
哈弗H6, 2014款, 运动版, 1.5T, 手动两驱精英型
丰田, 雷凌, 2014款, 1.6G, CVT精英版
大众, 朗逸, 2015款, 1.6L, 自动舒适版
宝马X3, 2013款, xDrive28i, 领先型(进口)
丰田, 威驰, 2014款, 1.5L, 手动智臻版
别克, 英朗, 2013款, XT, 1.6L, 自动时尚版
宝马5系, 2013款, 525Li, 豪华型
哈弗H6, 2015款, 运动版, 1.5T, 自动两驱豪华型
日产, 奇骏, 2014款, 2.0L, CVT舒适版, 2WD
标致308, 2014款, 乐享版, 经典, 1.6L, 手动优尚型
凯迪拉克ATS-L, 2016款, 28T, 豪华型
奥迪Q5, 2013款, 40, TFSI, 进取型
比亚迪G5, 2014款, 1.5TID, 自动旗舰型
雪佛兰, 迈锐宝, 2013款, 2.4L, 自动豪华版
本田, 锋范, 2015款, 1.5L, CVT舒适版
雪佛兰, 2015款, 赛欧3, 1.3L, AMT理想天窗版
奔驰GLK级, 2013款, 改款, GLK, 300, 4MATIC, 时尚型
雪佛兰, 科鲁兹, 2013款, 1.6L, SE, MT
起亚K2, 2011款, 三厢, 1.6L, AT, Premium
现代, 索纳塔八, 2013款, 2.0L, 自动尊贵版
现代, 全新胜达, 2015款, 2.0T, 自动两驱智能型, 5座
哈弗H6, 2014款, 运动版, 1.5T, 手动两驱精英型
传祺GS5, 2014款, 2.0L, 自动两驱超享版
福特, 蒙迪欧-致胜, 2011款, 2.0L, GTDi240至尊型
中华H530, 2011款, 1.6L, 手动舒适型
金杯, 海狮, 2014款, 2.0L豪华型V19
MG6, 2014款, 掀背, 1.8T, 自动性能版
丰田, 卡罗拉, 2018款, 1.2T, S-CVT, GL智享版
起亚K3, 2013款, 1.6L, 手动GLS
斯柯达, 明锐, 2015款, 1.6L, 手动逸杰版
奥迪A4L, 2016款, 35, TFSI, 典藏版, 自动标准型
大众, 速腾, 2015款, 230TSI, 自动豪华型
福特, 福克斯, 2015款, 两厢, EcoBoost, 180, 自动运动型
雪佛兰, 迈锐宝, 2014款, 2.0L, 自动豪华版
大众POLO, 2016款, 1.6L, 自动舒适型
大众, 高尔夫, 2012款, 1.4TSI, 自动豪华型
奇瑞, 瑞虎5, 2017款, 1.5T, CVT舒适版
马自达, 昂克赛拉, 2014款, 两厢, 1.5L, 自动豪华型
别克, 君越, 2012款, 2.4L, SIDI豪华版
福特, 撼路者, 2016款, 2.0T, 汽油自动四驱旗舰版
捷豹XE, 2015款, 2.0T, 200PS, R-Sport
大众POLO, 2016款, 1.6L, 自动舒适型
大众POLO, 2016款, 1.4L, 手动风尚型
丰田, 卡罗拉, 2012款, 炫装版, 1.8L, CVT, GL-i
丰田, 凯美瑞, 2015款, 2.0G, 豪华版
传祺GA3, 2013款, 1.6L, 手动豪华版
大众POLO, 2013款, 1.4L, 手动风尚版
五菱宏光, 2015款, 1.2L, S基本型
比亚迪S7, 2016款, 2.0T, 自动尊贵型
五菱荣光, 1.2L基本型
大众, 宝来, 2014款, 1.6L, 自动舒适型
起亚K3, 2016款, 1.6L, 自动GL
丰田, 威驰, 2014款, 1.5L, 自动智臻版
马自达3星骋, 2013款, 两厢, 1.6L, 自动精英型
丰田, RAV4, 2009款, 2.0L, 手动经典版
别克, 英朗, 2018款, 15T, 双离合进取型, 国V
大众CC, 2016款, 2.0TSI, 豪华型
斯柯达, 昕动, 2016款, 改款, 1.6L, 自动创行版
林肯MKX, 2015款, 2.0T, 两驱尊享版
雪铁龙C4L, 2014款, 1.8L, 智驱版, 手动劲享型
长安, 逸动DT, 2018款, 1.6L, 手动悦享型
本田, 凌派, 2019款, 180Turbo, CVT舒适版
标致308, 2012款, 1.6L, 手动优尚型
大众, 捷达, 2013款, 1.6L, 自动时尚型
马自达6, 2011款, 2.0L, 自动时尚型
宝马X6, 2013款, xDrive35i(进口)
奇瑞, 瑞虎3, 2016款, 1.6L, 手动风尚版
荣威350, 2011款, 350S, 1.5L, 自动迅达版
传祺GA6, 2015款, 1.8T, 自动豪华导航型
标致3008, 2015款, 1.6THP, 罗兰·加洛斯版
日产, 骐达, 2011款, 1.6L, CVT舒适型
大众POLO, 2011款, 劲取, 1.4L, 手动实乐版
宝马5系, 2014款, 520Li, 典雅型
哈弗H6, 2018款, 蓝标, 运动版, 1.5T, 自动两驱尊贵型
海马S5, 2015款, 1.6L, 手动舒适型
丰田, 花冠, 2013款, 1.6L, 手动卓越版
本田, 飞度, 2016款, 1.5L, LXS, CVT舒适天窗版
福特, 福克斯, 2015款, 三厢, 1.6L, 自动舒适型
大众, 朗行, 2013款, 1.4TSI, 手动舒适型
铃木, 启悦, 2015款, 1.6L, 自动舒享型
大众, 朗逸, 2015款, 1.6L, 自动舒适版
现代, 悦动, 2011款, 1.6L, 手动豪华型
本田, 雅阁, 2011款, 2.0L, EX
别克, 凯越, 2015款, 1.5L, 自动经典型
大众, 帕萨特, 2013款, 1.8TSI, DSG尊荣版
雪佛兰, 科鲁兹, 2015款, 1.5L, 经典, SL, MT
大众, 迈腾, 2015款, 改款, 2.0TSI, 旗舰型
路虎, 揽胜极光, 2014款, 2.0T, 5门耀享版(进口)
大众, 朗逸, 2013款, 改款经典, 1.6L, 自动舒适版
福特, 翼搏, 2018款, 1.5L, 自动铂翼型
大众, 朗逸, 2013款, 1.6L, 手动舒适版
奔驰E级, 2014款, E, 260, L, 运动型
马自达3星骋, 2011款, 三厢, 1.6L, 手动舒适型
大众, 桑塔纳, 2013款, 1.6L, 自动风尚版
哈弗H6, 2015款, 运动版, 1.5T, 自动两驱豪华型
大众POLO, 2011款, 1.4L, 手动致乐版
雪佛兰, 科鲁兹, 2017款, 1.5L, 自动先锋天窗版
大众, 朗逸, 2011款, 1.6L, 自动品悠版
长安, 逸动, 2012款, 1.6L, 自动豪华型, 国IV
斯柯达, 晶锐, 2014款, 1.4L, 手动晶致版
大众, 高尔夫, 2016款, 1.6L, 自动舒适型
现代, 瑞纳, 2014款, 1.4L, 自动智能型GLS
现代, 途胜, 2013款, 2.0L, 手动两驱时尚型
Jeep, 指南者, 2014款, 改款, 2.0L, 两驱进取版(进口)
标致307, 2013款, 两厢, 1.6L, 手动舒适版
现代, 领动, 2016款, 1.6L, 自动智炫·精英型
大众, 宝来, 2015款, 质惠版, 1.6L, 自动时尚型
丰田, 汉兰达, 2017款, 2.0T, 四驱豪华版, 7座
大众, 宝来, 2017款, 1.6L, 手动时尚型
福特, 福睿斯, 2017款, 幸福版, 1.5L, 自动时尚型
福特, 福克斯, 2012款, 两厢, 1.6L, 自动风尚型
宝马5系, 2013款, 535Li, 领先型
标致508, 2013款, 2.0L, 两周年纪念, 自动天窗经典版
本田XR-V, 2015款, 1.5L, LXi, CVT经典版
日产, 蓝鸟, 2016款, 1.6L, CVT智酷版
斯巴鲁, 森林人, 2012款, 经典, 2.5XS, 自动运动版
马自达, 昂克赛拉, 2017款, 三厢, 1.5L, 自动豪华型, 国V
别克, 凯越, 2013款, 1.5L, 自动经典型
MINI, 2012款, 1.6L, COOPER, Baker, Street
福特, 福克斯, 2012款, 两厢, 1.6L, 手动舒适型
丰田, RAV4, 2013款, 2.0L, CVT两驱都市版
别克, 君威, 2015款, 1.6T, 精英技术型
大众, 朗逸, 2015款, 1.6L, 自动风尚版
大众, 宝来, 2015款, 质惠版, 1.6L, 手动舒适型
本田, 凌派, 2013款, 1.8L, 自动豪华版
别克, 威朗, 2017款, 三厢, 15S, 自动领先型
纳智捷, 大7, SUV, 2015款, 2.2T, 两驱智尊型
别克, 凯越, 2008款, 1.6LE-MTNavi
大众, 桑塔纳, 2015款, 1.6L, 手动舒适版
荣威RX5, 2016款, 20T, 两驱自动互联网智享版
大众, 高尔夫, 2017款, 1.6L, 自动舒适百万辆纪念版
大众, 帕萨特, 2014款, 1.8TSI, DSG御尊版
奥迪A4L, 2013款, 35, TFSI, 自动舒适型
大众, 速腾, 2017款, 1.6L, 自动舒适型
斯柯达, 明锐, 2013款, 1.6L, 手动逸杰版
捷豹XE, 2015款, 2.0T, 200PS, R-Sport
别克, 昂科威, 2016款, 20T, 两驱精英型
启辰R50, 2013款, 1.6L, 手动豪华版
吉利GX7, 2012款, 1.8L, 手动行政版
大众, 朗逸, 2015款, 1.6L, 手动风尚版
路虎, 发现, 3.0T, , V6, （进口)
现代, 名图, 2017款, 1.8L, 自动智能型GLS
大众, 速腾, 2014款, 改款, 1.6L, 手动舒适型
奥迪A6L, 2014款, TFSI, 标准型
荣威350, 2013款, 350S, 1.5L, 手动迅驰版
丰田, 汉兰达, 2018款, 2.0T, 两驱豪华版, 7座
马自达, 阿特兹, 2017款, 2.5L, 蓝天尊崇版
马自达CX-5, 2013款, 2.0L, 自动四驱精英型
大众, 高尔夫, 2017款, 230TSI, 自动舒适百万辆纪念版
雪佛兰, 科帕奇, 2013款, 2.4L, 两驱城市版, 7座
荣威350, 2014款, 1.5L, 自动迅悦版
大众, 帕萨特, 2011款, 1.8TSI, DSG尊荣版
起亚K3, 2013款, 1.6L, 手动GLS
别克, 君威, 2015款, 1.6T, 精英技术型
奥迪Q5, 2015款, 40, TFSI, 舒适型
起亚K3S, 2014款, 1.6L, 自动GL
别克, 昂科拉, 2014款, 1.4T, 自动两驱都市精英型
奔驰C级, 2013款, C, 260, CGI, 时尚型
本田, 思铂睿, 2017款, 2.0L, 经典版
日产, 逍客, 2016款, 2.0L, CVT精英版
大众, 途观L, 2018款, 330TSI, 自动两驱豪华版
本田, 雅阁, 2013款, 2.0L, SE
奔驰GLK级, 2014款, GLK, 200, 标准型
奇瑞QQ3, 2012款, 时尚版, 1.0L, 手动冠军型
DS, 6, 2016款, 1.6T, 雅致版THP160
本田, 思域, 2016款, 220TURBO, CVT尊贵版
Jeep, 指南者, 2012款, 2.4L, 四驱豪华版(进口)
奥迪A4L, 2015款, 35, TFSI, 自动标准型
长安CS75, 2016款, 1.8T, 自动精英型, 国V
别克, 英朗, 2010款, GT, 1.6L, 手动进取版
奔驰C级, 2018款, C, 200, 轿跑车(进口)
铃木, 锋驭, 2014款, 1.6L, CVT四驱尊贵型
奥迪A4L, 2015款, 30, TFSI, 自动舒适型
福特, 福克斯, 2013款, 两厢经典, 1.8L, 手动百万纪念版
雪佛兰, 创酷, 2014款, 1.4T, 自动两驱舒适型
马自达CX-4, 2016款, 2.0L, 自动两驱蓝天品位版
奔驰GLA级, 2016款, GLA, 200, 动感型
现代, 全新胜达, 2017款, 2.4L, 自动两驱智能型, 5座
宝马3系GT, 2018款, 320i, 时尚型(进口)
奔驰GLK级, 2012款, GLK, 300, 4MATIC, 时尚型
长安, 逸动, 2015款, 1.6L, 手动豪华型, 国V
雪佛兰, 迈锐宝, 2013款, 2.0L, 自动豪华版
马自达6, 2012款, 2.0L, 自动时尚型
福特, 福睿斯, 2015款, 1.5L, 自动时尚型
别克, 君威, 2012款, 2.0L, 舒适版
大众, 途观L, 2017款, 330TSI, 自动两驱旗舰版
现代ix35, 2012款, 2.0L, 自动两驱精英版GLS
奔驰C级, 2013款, C, 260, 时尚型, Grand, Edition
大众, 迈腾, 2015款, 1.8TSI, 豪华型
奥迪Q7, 2018款, 45, TFSI, 技术型(进口)
起亚K2, 2015款, 三厢, 1.4L, AT, GLS
众泰T600, 2015款, 1.5T, 手动精英型
奔驰E级, 2017款, E, 300, 运动型
福特, 福睿斯, 2015款, 1.5L, 自动时尚型
福特, 翼虎, 2015款, 1.5L, GTDi, 两驱风尚型
大众, 帕萨特, 2014款, 1.8TSI, DSG御尊版
本田CR-V, 2015款, 2.4L, 两驱豪华版
奔驰C级, 2013款, C, 180, 轿跑版(进口)
奥迪Q5, 2013款, 40, TFSI, 舒适型
雪佛兰, 科帕奇, 2015款, 2.4L, 两驱城市版, 5座
马自达CX-5, 2017款, 2.5L, 自动四驱旗舰型, 国V
别克, 昂科拉, 2017款, 18T, 手动两驱都市进取型
起亚K2, 2015款, 三厢, 1.4L, MT, TOP
大众, 途锐, 2011款, 3.0TSI, 标配型(进口)
本田, 飞度, 2016款, 1.5L, LXS, CVT舒适天窗版
现代, 名图, 2014款, 1.8L, 自动智能型GLS
现代, 索纳塔八, 2013款, 2.0L, 自动至尊版
别克, 君威, 2015款, 2.0L, 精英时尚型
奥迪A4L, 2015款, 35, TFSI, 自动舒适型
福特, 翼虎, 2013款, 2.0L, GTDi, 四驱运动型
雪佛兰, 科鲁兹, 2013款, 1.6L, SE, MT
奇瑞, 瑞虎3, 2014款, 魔力版, 1.6L, 手动风尚版
日产, 骐达, 2011款, 1.6L, CVT智能型
大众, 迈腾, 2015款, 改款, 2.0TSI, 尊贵型
大众, 帕萨特, 2014款, 1.8TSI, DSG御尊版
大众, 宝来, 2016款, 1.6L, 自动时尚型
大众, 朗逸, 2013款, 改款经典, 1.6L, 自动风尚版
别克, 凯越, 2011款, 1.6LE-MT
Jeep, 自由光, 2017款, 2.4L, 卓越版
奔驰C级, 2013款, C, 260, CGI, 优雅型
别克, 威朗, 2015款, 三厢, 15S, 自动领先型
路虎, 揽胜极光, 2018款, 240PS, SE, DYNAMIC, 智锐版
奔驰E级, 2015款, E, 260, L, 运动型
福特, 蒙迪欧, 2013款, 2.0L, GTDi200时尚型
宝骏560, 2015款, 1.8L, 手动精英型
别克, 昂科拉, 2014款, 1.4T, 自动两驱都市精英型
大众, 途观, 2013款, 2.0TSI, 自动四驱豪华版
马自达CX-5, 2013款, 2.0L, 自动两驱舒适型
别克, 君越, 2013款, 2.4L, SIDI精英舒适型
别克, 君威, 2015款, 1.6T, 领先技术型
哈弗H6, 2016款, 升级版, 1.5T, 手动两驱超值型
别克, 威朗, 2018款, 三厢, 15S, 自动领先型
别克, 威朗, 2019款, 三厢, 15S, 自动进取型
哈弗H2, 2016款, 红标, 1.5T, 自动两驱豪华型
丰田, YARiS, L, 致炫, 2014款, 1.5G, 手动炫动版
丰田, 凯美瑞, 2013款, 200G, 经典豪华版
DS, 5LS, 2016款, 1.6T, 舒适版THP160
宝马X1, 2016款, sDrive18Li, 豪华型
本田, 飞度, 2014款, 1.5L, LX, CVT舒适型
雪佛兰, 科鲁兹, 2016款, 1.5L, 自动时尚天窗版
大众POLO, 2014款, 1.6L, 自动舒适版
北京BJ20, 2016款, 1.5T, CVT豪华型
哈弗H6, 2016款, 升级版, 1.5T, 手动两驱都市型
起亚, 福瑞迪, 2018款, 1.6L, 自动智享互联版Value-Connect
日产, 逍客, 2016款, 2.0L, CVT精英版
哈弗H1, 2016款, 蓝标, 1.5L, AMT豪华型
大众, 速腾, 2015款, 1.6L, 自动舒适型
斯柯达Yeti, 2016款, 1.4TSI, DSG前行版
福特, 福克斯, 2017款, 两厢, 1.6L, 手动舒适型智行版
大众, 捷达, 2015款, 质惠版, 1.6L, 手动舒适型
福特, 福克斯, 2015款, 两厢, 1.6L, 自动风尚型
别克, 英朗, 2015款, 15N, 自动豪华型
大众, 速腾, 2014款, 改款, 1.6L, 自动领先型
江淮, 瑞风, 2012款, 2.0L穿梭时光版HFC4GA3
三菱, 翼神, 2012款, 致炫版, 2.0L, CVT旗舰型
本田, 思域, 2012款, 1.8L, 手动舒适版
五菱宏光, 2015款, 1.5L, S基本型, 国IV
大众, 凌渡, 2017款, 230TSI, DSG风尚版
哈弗H8, 2015款, 2.0T, 两驱精英型
比亚迪, 秦, 2017款, 1.5T, 尊贵型
五菱荣光, 2017款, 1.5L加长基本型
奇瑞, 瑞虎3, 2015款, 1.6L, CVT尊尚运动版
大众, 捷达, 2017款, 1.5L, 自动舒适型
DS, 5, 2013款, 1.6T, 雅致版THP160
现代, 途胜, 2013款, 2.0L, 自动两驱舒适型
福特, 福克斯, 2018款, 两厢经典, 1.6L, 自动舒适型智行版
五菱荣光V, 2015款, 1.5L基本型
雪铁龙C4L, 2014款, 1.6THP, 智驱版, 自动劲智型
斯柯达, 晶锐, 2017款, 1.4L, 自动车享版
别克, 英朗, 2017款, 15N, 自动精英型
雪佛兰, 科沃兹, 2018款, 320, 自动欣悦版
比亚迪S7, 2015款, 2.0T, 升级版, 自动尊贵型
大众, 帕萨特, 2014款, 3.0L, V6, DSG旗舰版
奇瑞E3, 2015款, 1.5L, 手动风尚型
大众POLO, 2016款, 1.6L, 自动舒适型
大众, 途安, 2015款, 1.4T, 自动豪华版5座
五菱宏光, 2015款, 1.5L, S1舒适国V
奥迪A4L, 2011款, 2.0, TFSI, 舒适型
比亚迪, 宋MAX, 2017款, 1.5T, 自动智联精英型, 7座
大众, 宝来, 2018款, 1.5L, 手动时尚型
比亚迪, 宋, 2016款, 盖世版, 1.5TI, 手动精英型
本田, 雅阁, 2013款, 2.0L, SE
江淮, 瑞风S2, 2017款, 1.5L, CVT豪华智能型
Jeep, 大切诺基, 2015款, 3.0L, 精英导航版(进口)
雪佛兰, 科帕奇, 2015款, 2.4L, 两驱城市版, 5座
哈弗H2, 2014款, 1.5T, 手动两驱精英版
菲亚特, 菲翔, 2015款, 1.4T, 自动悦享版
标致3008, 2016款, 1.6THP, 自动标准版
斯柯达, 明锐, 2017款, 1.6L, 自动智行版
长安CS75, 2017款, 尚酷版, 1.5T, 自动锋悦型
大众, 迈腾, 2015款, 改款, 2.0TSI, 尊贵型
现代, 全新胜达, 2013款, 改款, 2.0T, 自动四驱顶级型
北汽绅宝, 绅宝D70, 2013款, 1.8T, 政务版
别克, 凯越, 2013款, 1.5L, 自动经典型
宝骏730, 2017款, 1.5T, 手动风尚型, 7座
北京BJ40, 2016款, 40L, 2.3T, 自动四驱尊享版
雪佛兰, 探界者, 2018款, 535T, 自动驭界版
长安CS35, 2014款, 1.6L, 手动豪华型, 国IV
福特, 福睿斯, 2017款, 改款, 1.5L, 自动舒适型
斯柯达, 明锐, 2017款, 1.6L, 自动创行版
铃木, 天语, SX4, 2012款, 1.6L, 自动锐骑型
Jeep, 自由侠, 2017款, 180T, 自动高能版
奥迪A4, 2014款, 40, TFSI, allroad, quattro, plus版(进口)
本田, 飞度, 2011款, 1.3L, 手动舒适版
奔驰E级, 2015款, 改款, E, 260, L, 运动型
比亚迪, 元, 2016款, 1.5L, 手动舒适型
奥迪A6L, 2014款, 30, FSI, 舒适型
标致3008, 2013款, 1.6THP, 自动至尚版
福特, 福克斯, 2012款, 三厢, 1.6L, 自动风尚型
本田, 雅阁, 2012款, 2.0L, SE
传祺GA3S视界, 2016款, 200T, 手动精英版
哈弗H6, 2015款, 改款, 运动版, 1.5T, 手动两驱精英型
奔驰GLK级, 2014款, GLK, 200, 标准型
长安CS75, 2017款, 尚酷版, 1.5T, 手动锋享型
宝马3系, 2015款, 316i, 进取型
日产, 轩逸, 2016款, 1.6XL, , CVT尊享版
别克, 威朗, 2017款, 三厢, 15S, 自动进取型
日产, 奇骏, 2017款, 2.0L, CVT舒适版, 2WD
吉利, 帝豪, 2016款, 两厢RS, 1.5L, 手动向上版
现代, 名图, 2016款, 1.6T, 自动智能型GLS
大众, 朗逸, 2015款, 1.6L, 自动舒适版
福特, 福睿斯, 2017款, 幸福版, 1.5L, 自动时尚型
宝骏310, 2017款, 1.5L, 手动豪华型
英菲尼迪Q50L, 2016款, 2.0T, 悦享版
奥迪A3, 2014款, Sportback, 35, TFSI, 自动舒适型
丰田, 锐志, 2013款, 2.5V, 菁锐版
吉利, 远景SUV, 2016款, 1.3T, CVT豪华型
本田, 雅阁, 2016款, 2.0L, 舒适版
别克, 英朗, 2017款, 15N, 自动精英型
比亚迪, 速锐, 2015款, 改款, 1.5L, 手动豪华型
吉利, 经典帝豪, 2013款, 两厢, 1.5L, 手动精英型
丰田, 卡罗拉, 2018款, 1.2T, S-CVT, GL智享版
福特, 福克斯, 2018款, 三厢经典, 1.6L, 自动风尚型智行版
福特, 蒙迪欧, 2013款, 2.0L, GTDi200时尚型
福特, 蒙迪欧, 2017款, EcoBoost, 180, 时尚型
吉利, 帝豪, 2015款, 三厢, 1.5L, 手动向上版
奥迪A6L, 2016款, 30, FSI, 舒适型
丰田, RAV4, 2012款, 炫装版, 2.4L, 自动四驱豪华
东风风神AX7, 2016款, 2.0L, 自动智逸型
雪佛兰, 科帕奇, 2015款, 2.4L, 两驱城市版, 7座
宝骏560, 2017款, 律动版, 1.5T, 手动尊享型
众泰T600, Coupe, 2017款, 1.5T, 自动豪华型
日产, 劲客, 2017款, 1.5L, CVT智行版
北汽绅宝, 绅宝D50, 2015款, 1.5L, 手动舒适超值导航版
大众, 凌渡, 2015款, 280TSI, DSG舒适版
本田, 冠道, 2017款, 240TURBO, 两驱豪华版
别克, 威朗, 2017款, 三厢, 15S, 自动领先型
路虎, 发现神行, 2018款, 240PS, SE版
日产, 阳光, 2011款, 1.5XL, 手动豪华版
奥迪Q5, 2017款, 40, TFSI, 舒适型
荣威i6, 2018款, 20T, 自动旗舰版
长安商用, 欧尚, 2018款, 1.5L, 手动精英型
马自达, 昂克赛拉, 2014款, 三厢, 1.5L, 自动豪华型
标致308, 2012款, 1.6L, 自动优尚型
大众, 宝来, 2014款, 1.6L, 自动舒适型
丰田, 凯美瑞, 2012款, 200G, 经典豪华版
铃木, 天语, SX4, 2011款, 两厢, 1.6L, 手动运动型
捷豹XF, 2009款, XF, 3.0L, V6豪华版
标致3008, 2015款, 1.6THP, 自动至尚版
大众POLO, 2013款, 1.6L, 自动舒适版
丰田, 锐志, 2013款, 2.5S, 菁锐版
别克, 英朗, 2013款, GT, 1.6L, 自动时尚版
哈弗H2, 2018款, 蓝标, 1.5T, 双离合两驱豪华型
奥迪A3, 2019款, Limousine, 35, TFSI, 运动型, 国V
荣威550, 2014款, 550S, 1.8L, 自动智选版
长安商用, 欧尚, 2016款, 1.5L, 手动精英型7座
斯柯达, 明锐, 2014款, 1.6L, 自动逸杰版
福特, 福克斯, 2012款, 两厢, 1.6L, 自动风尚型
大众, 宝来, 2015款, 质惠版, 1.6L, 手动时尚型
别克, 英朗, 2018款, 18T, 自动精英型
大众POLO, 2014款, 1.6L, 手动舒适版
长城C50, 2013款, 1.5T, 手动时尚型
别克, 君越, 2013款, 2.0T, SIDI, 精英技术型
比亚迪, 宋, 2016款, 盖世版, 1.5TID, 自动精英型
福特, 福克斯, 2015款, 三厢, 1.6L, 自动舒适型
丰田, YARiS, L, 致炫, 2015款, 1.5E, 自动魅动版
本田, 凌派, 2016款, 1.8L, CVT豪华版
海马M3, 2015款, 1.5L, 手动精英型
奥迪Q3, 2013款, 35, TFSI, 舒适型
别克, 君威, 2015款, 1.6T, 领先技术型
标致408, 2014款, 1.8L, 自动豪华版
奔驰C级, 2015款, C, 260, L, 运动型
福特, 福睿斯, 2017款, 改款, 1.5L, 自动舒适型
马自达6, 2013款, 2.0L, 自动时尚型
现代, 途胜, 2013款, 2.0L, 自动两驱舒适型
福特, 福克斯, 2017款, 两厢, 1.6L, 自动舒适型智行版
斯柯达, 速派, 2013款, 1.4TSI, 手动绅仕版
奔驰GLC级, 2016款, GLC, 260, 4MATIC, 动感型
吉利, 博瑞, 2015款, 1.8T, 旗舰型
本田, 思域, 2016款, 220TURBO, CVT尊贵版
哈弗H2, 2017款, 蓝标, 1.5T, 自动两驱尊贵型
标致2008, 2014款, 1.6L, 自动潮流版
大众POLO, 2014款, 1.6L, Cross, POLO, 手动
沃尔沃V40, 2015款, 1.6T, 智逸版(进口)
大众, 宝来, 2014款, 1.6L, 自动舒适型
玛莎拉蒂Ghibli, 2014款, 3.0T, 标准版
丰田, 凯美瑞, 2018款, 2.0G, 豪华版
奇瑞, 瑞虎3, 2014款, 1.6L, 手动智尚版
宝马1系, 2013款, 改款, 116i, 领先型(进口)
沃尔沃XC60, 2012款, T5, 舒适版(进口)
起亚K5, 2014款, 2.0L, 自动LUXURY
宝马5系, 2014款, 520Li, 典雅型
丰田, YARiS, L, 致炫, 2014款, 1.5G, 自动炫动版
MG5, 2014款, 1.5T, 自动豪华型
大众CC, 2013款, 2.0TSI, 豪华型
Smart, smart, fortwo, 2017款, 1.0L, 52千瓦硬顶挚爱特别版
丰田, 花冠, 2013款, 1.6L, 自动豪华版
本田, 飞度, 2018款, 1.5L, CVT舒适版
标致408, 2016款, 1.6T, 自动豪华版
起亚K3, 2016款, 1.6L, 自动GLS
福特, 嘉年华, 2009款, 三厢, 1.5L, 自动时尚型
奔驰B级, 2015款, B, 200, 豪华型(进口)
别克, 凯越, 2013款, 1.5L, 自动经典型
大众, 朗逸, 2011款, 2.0L, 手动品悠版
本田, 杰德, 2016款, 1.8L, 自动舒适精英版, 5座
雪佛兰, 科帕奇, 2012款, 2.4L, 四驱旗舰版, 7座
Smart, smart, fortwo, 2017款, 0.9T, 66千瓦灰引力特别版, 国V
长安, 逸动, 2014款, 1.6L, 手动精英型
大众, 高尔夫, 2012款, 1.6, 手动时尚型
五菱荣光V, 2016款, 1.5L标准型
铃木, 雨燕, 2013款, 1.5L, 自动20周年限量版
奥迪A5, 2014款, Cabriolet, 45, TFSI(进口)
大众, 朗逸, 2018款, 1.5L, 自动舒适版
哈弗H6, 2015款, 改款, 运动版, 1.5T, 手动两驱精英型
奥迪A6L, 2014款, TFSI, 标准型
本田, 艾力绅, 2016款, 2.4L, 豪华版
众泰T600, 2014款, 1.5T, 手动精英型
本田, 杰德, 2013款, 1.8L, 自动舒适版, 5座
丰田, RAV4, 2016款, 2.0L, CVT两驱风尚版, 国V
奔驰GLK级, 2013款, GLK, 300, 4MATIC, 动感天窗型
雪佛兰, 迈锐宝, 2013款, 2.0L, 自动豪华版
奔驰SLK级, 2011款, SLK, 200, 豪华运动型(进口)
丰田, 凯美瑞, 2015款, 双擎, 2.5HG, 豪华导航版
大众, 捷达, 2013款, 1.6L, 自动舒适型
奔驰E级, 2015款, 改款, E, 260, L, 运动型
奥迪A4L, 2018款, 30周年年型, 40, TFSI, 时尚型
本田, 飞度, 2014款, 1.5L, LX, 手动舒适型
丰田, 威驰, 2014款, 1.5L, 自动智臻版
本田, 锋范经典, 2012款, 1.5L, 手动舒适版
大众, 途观, 2016款, 300TSI, 自动两驱豪华版
奔驰B级, 2009款, B, 200, 时尚型(进口)
比亚迪S6, 2014款, 2.4L, 自动尊贵型, 5座
哈弗H6, 2014款, 运动版, 1.5T, 手动两驱精英型
标致308, 2014款, 乐享版, 经典, 1.6L, 自动优尚型
福特, 蒙迪欧, 2017款, EcoBoost, 245, 旗舰型
福特, 福克斯, 2012款, 三厢, 1.6L, 手动风尚型
别克, 英朗, 2017款, 15N, 自动精英型
斯巴鲁, 傲虎, 2014款, 2.5i, 雅尚运动版
奔驰C级, 2018款, C, 200, 运动版
铃木, 雨燕, 2015款, 1.5L, 自动限定版
大众, 凌渡, 2018款, 280TSI, DSG舒适版
雪佛兰, 迈锐宝, 2014款, 2.0L, 自动舒适版
奔驰E级, 2015款, 改款, E, 260, L, 运动型
大众, 朗逸, 2015款, 230TSI, DSG舒适版
斯柯达, 速派, 2016款, TSI330, DSG创行版
福特, 嘉年华, 2013款, 两厢, 1.5L, 手动风尚型
日产, 天籁, 2014款, 公爵, 2.5L, XV尊享版
日产, 阳光, 2015款, 1.5XE, 手动舒适版
别克, 凯越, 2015款, 1.5L, 自动经典型
大众, 宝来, 2013款, 1.6L, 手动时尚型
大众, 凌渡, 2017款, 280TSI, DSG舒适版
现代, 朗动, 2015款, 1.6L, 自动领先型
宝马3系, 2016款, 320i, 时尚型
三菱, 欧蓝德, 2018款, 2.0L, 两驱嘉乐版, 7座
丰田, RAV4, 2013款, 2.0L, CVT两驱都市版
大众, 甲壳虫, 2013款, 1.2TSI, 时尚型(进口)
福特, 福克斯, 2018款, 两厢经典, EcoBoost, 180, 自动精英型
大众, 迈腾, 2013款, 1.8TSI, 豪华型
大众, 迈腾, 2015款, 1.8TSI, 领先型
大众, 高尔夫, 2015款, 1.4TSI, 自动舒适型
奔驰GLK级, 2014款, GLK, 200, 标准型
起亚K4, 2015款, 1.8L, 自动GLS, Special
大众, 高尔夫, 2016款, 230TSI, 自动豪华型
哈弗H6, 2016款, 升级版, 1.5T, 手动两驱精英型
斯柯达, 明锐, 2015款, 1.6L, 手动逸杰版
日产, 轩逸, 2012款, 1.6XL, CVT豪华版
传祺GA6, 2016款, 235T, DCT豪华版
荣威RX5, 2018款, 20T, 两驱手动互联网智尊版
马自达6, 2011款, 2.0L, 自动时尚型
大众, 帕萨特, 2013款, 1.8TSI, DSG御尊版
大众, 途安, 2011款, 1.4T, 自动智雅版5座
马自达6, 2013款, 2.0L, 自动时尚型
本田, 凌派, 2016款, 1.8L, CVT豪华版
现代, 名图, 2014款, 1.8L, 自动智能型GLS
大众, 高尔夫, 2012款, 2.0TSI, GTI
别克, 英朗, 2016款, 15N, 手动精英型
长安, 逸动, 2014款, 1.6L, 手动尊贵型
哈弗H6, 2014款, 运动版, 1.5T, 手动两驱精英型
马自达CX-4, 2018款, 2.0L, 自动两驱蓝天品位版
福特, 福睿斯, 2015款, 1.5L, 自动时尚型
别克, 君威, 2015款, 1.6T, 精英技术型
别克, 凯越, 2011款, 1.6LE-AT
本田, 雅阁, 2015款, 2.0L, LX, 舒适版
斯柯达, 昕锐, 2016款, 1.6L, 手动前行版
本田, 雅阁, 2018款, 260TURBO, 精英版
日产, 天籁, 2013款, 2.0L, XL舒适版
本田, 思域, 2009款, 1.8L, 自动舒适版
别克, 威朗, 2017款, 三厢, 15S, 手动进取型
别克, 昂科拉, 2014款, 1.4T, 自动两驱都市精英型
本田, 思域, 2014款, 1.8L, 自动舒适版
宝马3系, 2016款, 316Li, 时尚型
丰田, 凯美瑞, 2015款, 2.0G, 领先版
日产, 天籁, 2013款, 2.0L, XL舒适版
福特, 翼虎, 2017款, EcoBoost, 180, 两驱铂翼型
铃木, 锋驭, 2014款, 1.6L, CVT两驱精英型
宝马X1, 2012款, sDrive18i豪华型(进口)
日产, 轩逸, 2016款, 1.6XL, CVT豪华版
大众, 蔚揽(进口), 2017款, 380TSI, 两驱畅行版(进口)
宝马X1, 2014款, xDrive20i, X设计套装
奔驰C级, 2011款, C, 200, CGI, 时尚型
丰田, 雷凌, 2017款, 1.2T, G, CVT精英版
江淮, 瑞风M5, 2013款, 2.0T, 汽油手动商务版
传祺GS4, 2015款, 200T, G-DCT豪华版
凯迪拉克XTS, 2016款, 28T, 精英型
奥迪A5, 2014款, Coupe, 45, TFSI(进口)
大众, 尚酷, 2015款, 1.4TSI, 风尚版(进口)
大众, 速腾, 2018款, 1.6L, 自动舒适型
现代, 索纳塔九, 2015款, 1.6T, GLS智能型
众泰, 大迈X5, 2015款, 1.5T, CVT知县型, 国IV
奔驰A级, 2016款, A, 200, 动感型(进口)
马自达, 昂克赛拉, 2014款, 两厢, 1.5L, 自动豪华型
哈弗H6, 2017款, 蓝标, 运动版, 1.5T, 自动两驱豪华型
海马骑士, 2013款, 2.0L, 手动经典型
大众CC, 2013款, 1.8TSI, 豪华型
马自达CX-5, 2013款, 2.5L, 自动四驱豪华型
丰田, 卡罗拉, 2014款, 1.6L, CVT, GL
现代ix35, 2010款, 2.0L, 自动两驱精英版GLS
Jeep, 自由侠, 2016款, 1.4T, 自动智能版
丰田, 卡罗拉, 2014款, 1.6L, CVT, GL-i
宝马X3, 2016款, sDrive20i(进口)
福特, 福克斯, 2015款, 三厢, 1.6L, 自动舒适型
Smart, smart, fortwo, 2012款, 1.0, MHD, 硬顶标准版
本田, 飞度, 2011款, 1.5L, 手动豪华版
本田, 飞度, 2016款, 1.5L, LXS, CVT舒适天窗版
别克GL8, 2013款, 2.4L, 行政版
别克, 君威, 2015款, 1.6T, 领先技术型
福特, 翼搏, 2013款, 1.0L, GTDi, 手动尊贵型
大众, 凌渡, 2018款, 230TSI, DSG风尚版
现代, 途胜, 2013款, 2.0L, 手动两驱时尚型
奔驰CLA级, 2014款, CLA, 260, 4MATIC(进口)
奔驰E级, 2013款, E, 260, L, CGI时尚型
别克, 君威, 2015款, 2.0L, 精英时尚型
凯迪拉克ATS-L, 2016款, 25T, 舒适型
宝马3系, 2013款, 320i, 时尚型
金杯, 海狮X30L, 2016款, 1.5L财富版DLCG14
路虎, 揽胜极光, 2014款, 2.0T, 5门耀享版(进口)
大众, 速腾, 2014款, 改款, 1.6L, 自动舒适型
奥迪A4L, 2015款, 35, TFSI, 自动舒适型
奔驰GLA级, 2018款, GLA, 200, 时尚型
本田UR-V, 2017款, 370TURBO, 四驱尊享版
北汽绅宝, 绅宝X25, 2015款, 1.5L, 手动舒适型
斯柯达, 明锐, 2014款, 1.6L, 手动逸杰版
日产, 奇骏, 2014款, 2.0L, CVT舒适版, 2WD
本田, 缤智, 2017款, 1.5L, CVT两驱舒适型
别克, 君越, 2013款, 2.4L, SIDI精英舒适型
雪佛兰, 科帕奇, 2012款, 2.4L, 两驱城市版, 5座
丰田, 皇冠, 2015款, 2.0T, 时尚版
别克, 昂科威, 2016款, 28T, 四驱精英型
奔驰C级, 2017款, 改款, C, 200, L, 运动版
福特, 翼虎, 2013款, 1.6L, GTDi, 两驱风尚型
起亚K4, 2015款, 1.8L, 自动GLS, Special
奥迪A4L, 2013款, 35, TFSI, 自动舒适型
福特, 翼虎, 2015款, 1.5L, GTDi, 两驱风尚型
别克, 威朗, 2018款, 三厢, 20T, 双离合领先型
路虎, 揽胜极光, 2014款, 2.0T, 5门耀享版(进口)
别克, 威朗, 2017款, 三厢, 15S, 自动领先型
日产, 天籁, 2016款, 2.0L, XL-Upper智尚版
宝马5系, 2013款, 525Li, 豪华型
奔驰C级, 2011款, C, 200, 时尚旅行版(进口)
别克, 君威, 2015款, 2.0L, 领先时尚型
哈弗H6, 2016款, 升级版, 1.5T, 手动两驱超值型
别克, 威朗, 2018款, 三厢, 15S, 自动领先型
别克, 威朗, 2019款, 三厢, 15S, 自动进取型
哈弗H2, 2016款, 红标, 1.5T, 自动两驱豪华型
丰田, YARiS, L, 致炫, 2014款, 1.5G, 手动炫动版
丰田, 凯美瑞, 2013款, 200G, 经典豪华版
DS, 5LS, 2016款, 1.6T, 舒适版THP160
宝马X1, 2016款, sDrive18Li, 豪华型
本田, 飞度, 2014款, 1.5L, LX, CVT舒适型
雪佛兰, 科鲁兹, 2016款, 1.5L, 自动时尚天窗版
大众POLO, 2014款, 1.6L, 自动舒适版
北京BJ20, 2016款, 1.5T, CVT豪华型
哈弗H6, 2016款, 升级版, 1.5T, 手动两驱都市型
起亚, 福瑞迪, 2018款, 1.6L, 自动智享互联版Value-Connect
日产, 逍客, 2016款, 2.0L, CVT精英版
哈弗H1, 2016款, 蓝标, 1.5L, AMT豪华型
大众, 速腾, 2015款, 1.6L, 自动舒适型
斯柯达Yeti, 2016款, 1.4TSI, DSG前行版
福特, 福克斯, 2017款, 两厢, 1.6L, 手动舒适型智行版
大众, 捷达, 2015款, 质惠版, 1.6L, 手动舒适型
雪铁龙C3-XR, 2018款, 1.6L, 自动时尚型
雪佛兰, 迈锐宝XL, 2017款, 1.5T, 自动锐驰版
斯柯达, 晶锐, 2014款, 1.6L, 自动Sport版
日产, 天籁, 2011款, 2.5L, XL领先版
奇瑞, 瑞虎7, 2016款, 1.5T, 手动电商版
雷克萨斯CT, 2013款, CT200h, 都市版
大众, 高尔夫, 2018款, 280TSI, 自动R-Line型
长安, 逸动, 2018款, 1.6L, GDI, 自动风潮型
Jeep, 指南者, 2014款, 2.0L, 两驱豪华版(进口)
沃尔沃S60, 2012款, T5, 智雅版(进口)
大众, 宝来, 2012款, 1.6L, 自动时尚型
Smart, smart, forfour, 2016款, 1.0L, 52千瓦灵动版
大众, 高尔夫, 2016款, 230TSI, 自动舒适型
雷诺, 风朗, 2015款, 2.0L, 标准版(进口)
雪铁龙C5, 2013款, 2.0L, 自动尊享型
标致301, 2016款, 1.6L, 手动幸福版
奇瑞, 瑞虎5x, 2017款, 1.5T, 手动精英型
马自达, 昂克赛拉, 2017款, 三厢, 1.5L, 自动舒适型, 国V
东风风行, 菱智, 2016款, M5, 2.0L, 7座长轴标准型
奥迪A3, 2013款, Sportback, 30, TFSI, 技术型(进口)
福特, 福睿斯, 2019款, EcoBoost, 125, 自动臻享型
马自达, 昂克赛拉, 2017款, 三厢, 1.5L, 自动舒适型, 国V
菲亚特, 博悦, 2011款, 1.4T, AMT时尚版(进口)
马自达, 阿特兹, 2014款, 2.0L, 蓝天豪华版
大众, 高尔夫, 2016款, 1.6L, 自动时尚型
别克, 君越, 2013款, 2.4L, SIDI领先舒适型
吉利, 帝豪GS, 2016款, 运动版, 1.3T, 自动领尚型
标致408, 2011款, 2.0L, 自动舒适版
本田, 雅阁, 2016款, 2.0L, 舒适版
本田, 思域, 2013款, 十周年纪念, 1.8L, 手动舒适版
大众, 途观L, 2017款, 330TSI, 自动两驱风尚版
哈弗H2, 2016款, 红标, 1.5T, 自动两驱豪华型
大众, 朗行, 2013款, 1.6L, 自动舒适型
斯柯达, 昊锐, 2012款, 1.4TSI, 手动智雅版
海马V70, 2016款, 1.5T, 自动适·享型, 7座
五菱宏光, 2014款, 1.5L, S舒适型
别克, 凯越, 2015款, 1.5L, 自动经典型
雪佛兰, 科沃兹, 2016款, 1.5L, 自动欣尚版
江淮, 瑞风S3, 2016款, 1.5L, CVT豪华型
日产, 骐达, 2011款, 1.6L, CVT智能型
长安CS35, 2015款, 1.6L, 手动豪华型, 国IV
宝马X1, 2012款, sDrive20i, 领先型
宝马3系, 2014款, 320Li, 时尚型
现代ix35, 2013款, 2.0L, 手动两驱舒适型GL, 国IV
长安, 逸动, 2013款, XT, 1.6L, 手动致酷型, 国IV
大众, 速腾, 2018款, 280TSI, DSG舒适型
传祺GA6, 2016款, 235T, DCT精英版
别克, 君威, 2015款, 1.6T, 领先技术型
哈弗H2, 2016款, 红标, 1.5T, 手动两驱精英型
日产, 劲客, 2017款, 1.5L, CVT酷享版
Jeep, 自由光, 2017款, 2.0L, 优越版
宝马3系, 2015款, 320Li, 超悦版时尚型
长安CS35, 2014款, 1.6L, 手动豪华型, 国IV
本田, 缤智, 2015款, 1.5L, CVT两驱舒适型
奔驰A级, 2016款, A, 200, 动感型(进口)
起亚K3, 2013款, 1.6L, 手动GLS
马自达, 昂克赛拉, 2016款, 三厢, 1.5L, 自动舒适型
大众, 宝来, 2012款, 1.6L, 手动舒适型
比亚迪G5, 2014款, 1.5TI, 手动尊贵型
本田, 艾力绅, 2016款, 2.4L, 经典版
东南, V3菱悦, 2015款, 1.5L, 手动风采版
大众, 宝来, 2014款, 1.6L, 手动时尚型
雪佛兰, 科鲁兹, 2015款, 1.5L, 经典, SL, MT
宝马X3, 2014款, xDrive20i, X设计套装(进口)
丰田, YARiS, L, 致炫, 2016款, 改款, 1.5GS, CVT锐动版
大众, 高尔夫, 2015款, 1.4TSI, 自动豪华型
雪佛兰, 科鲁兹, 2015款, 1.5L, 手动精英版
宝骏510, 2017款, 1.5L, 手动豪华型
现代, 全新胜达, 2013款, 2.4L, 自动两驱智能型
大众, 朗行, 2017款, 1.6L, 手动风尚版
东风风行, 风行SX6, 2016款, 1.6L, 手动尊享型
众泰T700, 2017款, 2.0T, 自动尊贵型
奥迪A4L, 2018款, 30周年年型, 30, TFSI, 进取型
MINI, 2014款, 2.0T, COOPER, S, Excitement
马自达, 昂克赛拉, 2017款, 三厢, 1.5L, 自动豪华型, 国V
三菱, 翼神, 2013款, 风尚版, 1.6L, 手动豪华型
大众, 凌渡, 2017款, 230TSI, DSG风尚版
日产, 楼兰, 2017款, 2.5L, XL, 两驱智尚版
长安CS35, 2016款, 1.6L, 自动豪华型, 国IV
宝马X1, 2016款, sDrive20Li, 豪华型
大众, 朗行, 2013款, 1.6L, 自动舒适型
起亚K5, 2012款, 2.0L, 自动DLX
哈弗H2s, 2018款, 蓝标, 1.5T, 双离合豪华型
奔驰E级, 2014款, 改款, E, 300, L
长安CS15, 2016款, 1.5L, 手动豪华版
宝马3系, 2015款, 316i, 运动设计套装
奥迪Q5, 2012款, 2.0TFSI, 舒适型
日产, 天籁, 2019款, 2.0L, XL, Upper, 智行版
大众, 朗逸, 2017款, 1.6L, 手动舒适版
别克, 昂科拉, 2016款, 18T, 自动两驱都市领先型
路虎, 发现神行, 2018款, 240PS, HSE版
大众, 帕萨特, 2016款, 280TSI, DSG尊荣版
长安CS35, 2016款, 1.6L, 手动豪华型, 国V
雪佛兰, 2016款, 赛欧3, 1.3L, 手动舒适天窗版
大众, 帕萨特, 2017款, 330TSI, DSG尊荣版
Jeep, 自由侠, 2016款, 1.4T, 自动劲能版
奥迪A6L, 2015款, TFSI, 百万纪念智领型
路虎, 发现神行, 2017款, 2.0T, SE
别克GL8, 2017款, 25S, 豪华型, 国V
大众POLO, 2014款, 1.6L, Cross, POLO, 自动
别克, 凯越, 2013款, 1.5L, 手动尊享型
大众, 速腾, 2015款, 230TSI, 自动豪华型
宝马3系, 2015款, 320Li, 超悦版时尚型
斯柯达, 昕锐, 2019款, 1.5L, 自动舒适版
MG6, 2017款, 20T, 自动Trophy尊享互联网版
斯柯达Yeti, 2014款, 1.4TSI, DSG极地版
五菱荣光, 2017款, 1.5L加长基本型
Smart, smart, forfour, 2016款, 1.0L, 52千瓦灵动版
别克, 英朗, 2015款, 15N, 自动精英型
荣威950, 2012款, 2.0L, 舒适版
传祺GA3S视界, 2014款, 1.6L, 手动豪华ESP版
别克, 凯越, 2011款, 1.6LE-AT
宝马3系, 2011款, 325i敞篷轿跑版(进口)
三菱, 翼神, 2013款, 风尚版, 1.6L, 手动豪华型
Smart, smart, fortwo, 2018款, 1.0L, 52千瓦硬顶灵动版, 国V
马自达, 昂克赛拉, 2017款, 两厢, 2.0L, 自动豪华型, 国V
大众, 高尔夫, 2018款, 280TSI, 自动R-Line型
大众POLO, 2018款, 1.5L, 自动安驾型
丰田, 卡罗拉, 2013款, 特装版, 1.6L, 自动炫酷型GL
比亚迪S7, 2016款, 2.0T, 自动尊贵型
大众POLO, 2013款, 1.4L, 自动舒适版
起亚, 狮跑, 2012款, 2.0L, 手动两驱版GL
哈弗M6, 2018款, 改款, 1.5T, DCT两驱精英型
标致3008, 2013款, 2.0L, 自动经典版
标致307, 2012款, 两厢, 1.6L, 手动舒适版
MG5, 2014款, 1.5T, 自动豪华型
起亚, 佳乐, 2013款, 2.0L, 7座自动标准版, 国V(进口)
五菱宏光, 2018款, 1.5L, 经典款S基本型
奔驰SLK级, 2011款, SLK, 200, 时尚型(进口)
雪铁龙C3-XR, 2015款, 1.6THP, 自动旗舰型
奥迪A1, 2013款, 30, TFSI, Sportback, Urban(进口)
长城, 风骏5, 2017款, 2.4L欧洲版汽油两驱进取型小双排4G69S4N
本田, 杰德, 2013款, 1.8L, 自动舒适版, 5座
奔驰GLK级, 2014款, GLK, 260, 4MATIC, 动感型
雪佛兰, 科鲁兹, 2013款, 1.6L, SE, MT
福特, 锐界, 2015款, 2.7T, GTDi, 四驱运动型, 7座
现代, 飞思, 2012款, 1.6T, 自动豪华版(进口)
奔驰E级, 2014款, E, 200, 轿跑版(进口)
纳智捷, 优6, SUV, 2014款, 2.0T, 智尊型
标致4008, 2013款, 2.0L, 四驱时尚型(进口)
大众, T-ROC探歌, 2018款, 280TSI, DSG四驱豪华型, 国V
现代, 悦动, 2011款, 1.6L, 自动舒适型
哈弗H6, 2016款, 升级版, 1.5T, 自动两驱精英型
大众, 帕萨特, 2011款, 1.8TSI, DSG御尊版
福特, 福克斯, 2020款, 两厢, EcoBoost, 180, 自动锋潮型
宝马5系, 2014款, 535i, 设计套装型(进口)
日产, 骐达, 2011款, 1.6L, CVT智能型
马自达CX-7, 2014款, 2.5L, 2WD, 时尚版
五菱荣光V, 2016款, 1.5L实用型
马自达3星骋, 2015款, 两厢, 2.0L, 自动运动型
别克, 君威, 2014款, 2.0L, 精英时尚型
日产, 天籁, 2013款, 2.0L, XL舒适版
马自达, 昂克赛拉, 2017款, 三厢, 1.5L, 自动豪华型, 国V
汉腾X7, 2016款, 2.0T, DCT尊享型
马自达3, 2012款, 1.6L, 自动经典标准型
铃木, 雨燕, 2013款, 1.5L, 自动20周年限量版
君马汽车, 君马S70, 2018款, 1.5T, 自动舒适型, 7座
雪佛兰, 科鲁兹, 2013款, 1.8L, SE, AT
雪佛兰, 科沃兹, 2019款, 320, 自动欣悦版
Smart, smart, fortwo, 2011款, 1.0, MHD, 硬顶标准版
雪佛兰, 迈锐宝, 2014款, 1.6T, 自动舒适版
标致308, 2014款, 乐享版, 经典, 1.6L, 自动优尚型
别克, 凯越, 2011款, 1.6LX-AT
本田, 锋范, 2017款, 1.5L, CVT舒适版
大众POLO, 2016款, 1.6L, 自动舒适型
雪铁龙C5, 2013款, 2.0L, 自动尊享型
雪佛兰, 科鲁兹, 2009款, 1.6L, SE, MT
日产, 奇骏, 2019款, 2.0L, CVT智联舒适版, 2WD
斯柯达, 晶锐, 2012款, 1.4L, 手动晶致版
马自达, 昂克赛拉, 2014款, 两厢, 2.0L, 自动旗舰型
现代, 全新胜达, 2017款, 2.4L, 自动两驱智能型, 5座
宝马1系, 2012款, 116i, 领先型(进口)
标致3008, 2013款, 2.0L, 自动经典版
宝骏730, 2014款, 1.5L, 手动标准型, 7座
MINI, 2014款, 1.5T, COOPER, Fun
别克, 昂科威, 2016款, 20T, 两驱精英型
起亚K3, 2013款, 1.6L, 自动GLS
别克, 凯越, 2013款, 1.5L, 手动尊享型
MINI, 2012款, 1.6L, COOPER, Baker, Street
大众, 朗逸, 2017款, 1.6L, 自动风尚版
马自达6, 2013款, 2.0L, 自动时尚型
奥迪A4L, 2018款, 30周年年型, 40, TFSI, 时尚型
奥迪A4L, 2019款, 40, TFSI, 进取型, 国V
日产, 奇骏, 2010款, 2.5L, CVT旗舰版, 4WD
宝马7系, 2011款, 730Li典雅型(进口)
雷克萨斯NX, 2015款, 200, 全驱, 锋尚版
北汽绅宝, 绅宝X35, 2016款, 1.5L, 自动豪华版
别克, 英朗, 2013款, XT, 1.6L, 自动时尚版
奥迪Q5, 2010款, 3.2FSI, 运动版(进口)
丰田, 普拉多, 2010款, 4.0L, 自动TX-L
日产, 阳光, 2011款, 1.5XE, CVT舒适版
菲亚特, 菲翔, 2012款, 1.4T, 自动悦享版
宝马3系, 2019款, 320Li, 时尚型
宝马3系, 2014款, 320Li, 豪华设计套装
奔驰B级, 2012款, B, 180(进口)
本田, 奥德赛, 2017款, 2.4L, 豪华版
奥迪A6L, 2014款, TFSI, 标准型
MINI, 2011款, 1.6L, ONE
别克, 威朗, 2018款, 三厢, 15S, 自动领先型
大众, 2018款, 途安L, 280TSI, 自动风尚版, 7座
大众, 帕萨特, 2014款, 1.8TSI, DSG御尊版
现代, 悦动, 2011款, 1.6L, 自动舒适型
传祺GS3, 2017款, 150N, 手动精英版
东风风行, 菱智, 2015款, M5, Q7, 2.0L, 7座长轴舒适型
起亚, 秀尔, 2013款, 1.6L, MT, GL
奥迪Q5, 2016款, 40, TFSI, 技术型
福特, 福克斯, 2012款, 三厢, 1.6L, 自动舒适型
别克, 昂科拉, 2014款, 1.4T, 手动两驱都市进取型
荣威RX5, 2016款, 30T, 四驱自动互联网智尊版
宝马5系, 2014款, 525Li, 豪华设计套装
Jeep, 自由光, 2016款, 2.4L, 专业版
吉利, 博瑞, 2015款, 1.8T, 舒适型
雪佛兰, 爱唯欧, 2011款, 三厢, 1.4L, MT, SE
本田, 雅阁, 2016款, 2.4L, 智睿版
雪佛兰, 科帕奇, 2017款, 2.4L, 四驱旗舰版, 7座
雪佛兰, 科鲁兹, 2015款, 1.5L, 经典, SE, AT
MINI, Countryman, 2013款, 1.6T, COOPER, ALL4, Excitement
大众桑塔纳, 2013款, 1.6L, 手动风尚版
北汽幻速H3F, 2016款, H3F, 1.5L, 手动尊贵型
福特, 翼虎, 2018款, EcoBoost, 245, 四驱豪翼型
马自达6, 2012款, 2.0L, 自动时尚型
起亚K5, 2015款, 2.0L, 自动GL
奔驰GLC级, 2016款, GLC, 300, 4MATIC, 动感型
Smart, smart, fortwo, 2012款, 1.0, MHD, 硬顶标准版
吉利, 博越, 2016款, 1.8TD, 自动智慧型
现代, 悦动, 2017款, 1.6L, 自动悦值版GLS
大众, 迈腾, 2013款, 1.8TSI, 豪华型
众泰T600, 2015款, 2.0T, 自动尊贵型
别克, 英朗, 2018款, 15T, 双离合精英型, 国V
大众, 帕萨特, 2013款, 1.8TSI, DSG政府采购版
宝马X3, 2011款, xDrive28i, 豪华型(进口)
大众, 帕萨特, 2013款, 1.8TSI, DSG御尊版
一汽, 佳宝V80, 佳宝v80, 1.3L, 手动
奔驰C级, 2019款, C, 180, L, 时尚型运动版
雪佛兰, 迈锐宝, 2017款, 1.5T, 自动豪华版
福特, 福克斯, 2012款, 三厢, 1.6L, 手动风尚型
力帆, 迈威, 2016款, 1.5L, 自动智享型
奔驰CLA级, 2018款, CLA, 200, 动感型(进口)
雪佛兰, 迈锐宝, 2014款, 2.0L, 自动豪华版
大众, 迈腾, 2017款, 380TSI, DSG, 豪华型
马自达, 昂克赛拉, 2016款, 三厢, 1.5L, 自动舒适型
北京汽车E系列, 2012款, 两厢, 1.5L, 自动乐尚版
福特, 蒙迪欧, 2013款, 2.0L, GTDi200时尚型
沃尔沃S90, 2019款, T5, 智逸版
现代, 领动, 2016款, 1.6L, 自动智炫·精英型
哈弗H6, Coupe, 2017款, 红标, 2.0T, 自动两驱精英型
大众, 宝来, 2015款, 质惠版, 1.6L, 手动舒适型
奥迪Q5, 2013款, 40, TFSI, 舒适型
奔驰E级, 2010款, E, 300, L, 时尚型
现代, 瑞纳, 2010款, 三厢, 1.4L, 手动舒适型GS
奇瑞, 艾瑞泽5, 2016款, 1.5L, 手动领锐版
奥迪A6L, 2012款, 30, FSI, 技术型
福特, 翼虎, 2017款, EcoBoost, 180, 四驱尊翼型
现代, 全新胜达, 2017款, 2.4L, 自动两驱智能型, 5座
奔驰E级, 2015款, 改款, E, 200, L, 运动型
奔驰GLA级AMG, 2016款, AMG, GLA, 45, 4MATIC
Smart, smart, fortwo, 2018款, 0.9T, 66千瓦硬顶先锋版, 国V
奔腾B50, 2013款, 1.6L, 手动舒适型
比亚迪, 宋, 2016款, 1.5TI, 手动尊贵型
奔驰E级, 2018款, E, 200, L, 运动型
大众, 迈腾, 2013款, 1.8TSI, 领先型
宝马X1, 2014款, sDrive18i, 运动设计套装
大众, 迈腾, 2017款, 330TSI, DSG, 豪华型
奔驰C级, 2017款, C, 200, 运动版
奔驰C级, 2018款, C, 200, L, 运动版
奔驰B级, 2015款, B, 200, 时尚型(进口)
大众, 途观, 2017款, 300TSI, 自动两驱丝绸之路舒适版
海马M3, 2014款, 1.5L, 手动精英型
雷克萨斯IS, 2011款, 250, 炫动版
奇瑞, 瑞虎5, 2014款, 2.0L, CVT家悦版
奥迪A1, 2014款, 30, TFSI, 时尚型(进口)
沃尔沃S80L, 2011款, 2.0T, 智尚版
福特, 福克斯, 2012款, 三厢, 1.6L, 手动舒适型
东风风行, 菱智, 2016款, M3, 1.6L, 7座舒适型, 国IV
奥迪Q3, 2015款, 35, TFSI, quattro, 技术型
凯迪拉克XT5, 2016款, 25T, 技术型
MINI, 2014款, 1.2T, ONE
MINI, 2016款, 1.5T, COOPER, SEVEN
福特, 锐界, 2018款, EcoBoost, 245, 两驱豪锐型, 7座
丰田, 汉兰达, 2012款, 2.7L, 两驱5座精英版
马自达, 昂克赛拉, 2016款, 三厢, 1.5L, 自动舒适型
北京汽车E系列, 2012款, 两厢, 1.5L, 自动乐尚版
福特, 蒙迪欧, 2013款, 2.0L, GTDi200时尚型
沃尔沃S90, 2019款, T5, 智逸版
现代, 领动, 2016款, 1.6L, 自动智炫·精英型
哈弗H6, Coupe, 2017款, 红标, 2.0T, 自动两驱精英型
大众, 宝来, 2015款, 质惠版, 1.6L, 手动舒适型
奥迪Q5, 2013款, 40, TFSI, 舒适型
奔驰E级, 2010款, E, 300, L, 时尚型
现代, 瑞纳, 2010款, 三厢, 1.4L, 手动舒适型GS
奇瑞, 艾瑞泽5, 2016款, 1.5L, 手动领锐版
奥迪A6L, 2012款, 30, FSI, 技术型
福特, 翼虎, 2017款, EcoBoost, 180, 四驱尊翼型
现代, 全新胜达, 2017款, 2.4L, 自动两驱智能型, 5座
奔驰E级, 2015款, 改款, E, 200, L, 运动型
奔驰GLA级AMG, 2016款, AMG, GLA, 45, 4MATIC
Smart, smart, fortwo, 2018款, 0.9T, 66千瓦硬顶先锋版, 国V
奔腾B50, 2013款, 1.6L, 手动舒适型
比亚迪, 宋, 2016款, 1.5TI, 手动尊贵型
奔驰E级, 2018款, E, 200, L, 运动型
大众, 迈腾, 2013款, 1.8TSI, 领先型
宝马X1, 2014款, sDrive18i, 运动设计套装
大众, 迈腾, 2017款, 330TSI, DSG, 豪华型
奔驰C级, 2017款, C, 200, 运动版
奔驰C级, 2018款, C, 200, L, 运动版
奔驰B级, 2015款, B, 200, 时尚型(进口)
大众, 途观, 2017款, 300TSI, 自动两驱丝绸之路舒适版
海马M3, 2014款, 1.5L, 手动精英型
雷克萨斯IS, 2011款, 250, 炫动版
奇瑞, 瑞虎5, 2014款, 2.0L, CVT家悦版
奥迪A1, 2014款, 30, TFSI, 时尚型(进口)
沃尔沃S80L, 2011款, 2.0T, 智尚版
福特, 福克斯, 2012款, 三厢, 1.6L, 手动舒适型
东风风行, 菱智, 2016款, M3, 1.6L, 7座舒适型, 国IV
奥迪Q3, 2015款, 35, TFSI, quattro, 技术型
凯迪拉克XT5, 2016款, 25T, 技术型
MINI, 2014款, 1.2T, ONE
MINI, 2016款, 1.5T, COOPER, SEVEN
福特, 锐界, 2018款, EcoBoost, 245, 两驱豪锐型, 7座
丰田, 汉兰达, 2012款, 2.7L, 两驱5座精英版
哈弗H6, 2016款, 升级版, 1.5T, 手动两驱超值型
别克, 威朗, 2018款, 三厢, 15S, 自动领先型
别克, 威朗, 2019款, 三厢, 15S, 自动进取型
哈弗H2, 2016款, 红标, 1.5T, 自动两驱豪华型
丰田, YARiS, L, 致炫, 2014款, 1.5G, 手动炫动版
丰田, 凯美瑞, 2013款, 200G, 经典豪华版
DS, 5LS, 2016款, 1.6T, 舒适版THP160
宝马X1, 2016款, sDrive18Li, 豪华型
本田, 飞度, 2014款, 1.5L, LX, CVT舒适型
雪佛兰, 科鲁兹, 2016款, 1.5L, 自动时尚天窗版
大众POLO, 2014款, 1.6L, 自动舒适版
北京BJ20, 2016款, 1.5T, CVT豪华型
哈弗H6, 2016款, 升级版, 1.5T, 手动两驱都市型
起亚, 福瑞迪, 2018款, 1.6L, 自动智享互联版Value-Connect
日产, 逍客, 2016款, 2.0L, CVT精英版
哈弗H1, 2016款, 蓝标, 1.5L, AMT豪华型
大众, 速腾, 2015款, 1.6L, 自动舒适型
斯柯达Yeti, 2016款, 1.4TSI, DSG前行版
福特, 福克斯, 2017款, 两厢, 1.6L, 手动舒适型智行版
大众, 捷达, 2015款, 质惠版, 1.6L, 手动舒适型
起亚K3, 2013款, 1.6L, 自动Premium
标致408, 2018款, 改款, 350THP, 自动豪华版
哈弗H2, 2016款, 红标, 1.5T, 自动两驱豪华型
中华V3, 2016款, 1.5L, 手动智能型
大众POLO, 2013款, 1.6L, 自动舒适版
日产, 蓝鸟, 2016款, 1.6L, CVT炫酷版
马自达, 昂克赛拉, 2014款, 三厢, 1.5L, 手动舒适型
现代, 领动, 2016款, 1.6L, 自动智炫·精英型
众泰Z700, 2016款, 1.8T, DCT典雅型
哈弗H1, 2016款, 蓝标, 1.5L, AMT都市型
五菱宏光, 2013款, 1.5L, 豪华型
福特, 福睿斯, 2017款, 幸福版, 1.5L, 自动时尚型
雷诺, 科雷傲, 2014款, 2.5L, 两驱舒适版(进口)
丰田, 卡罗拉, 2013款, 特装版, 1.6L, 自动至酷型GL
沃尔沃XC60, 2013款, T5, 智雅版(进口)
福特, 福睿斯, 2015款, 1.5L, 手动舒适型
别克, 威朗, 2016款, 两厢, 15S, 自动领先型
雪铁龙, 爱丽舍, 2014款, 1.6L, 自动舒适型
现代, 朗动, 2016款, 1.6L, 手动尊贵型
MG3, 2013款, 1.3L, AMT舒适版
福特, 福克斯, 2018款, 三厢经典, 1.6L, 自动风尚型智行版
现代ix25, 2015款, 1.6L, 手动两驱时尚型GS
别克, 君越, 2016款, 改款, 28T, 精英型
哈弗H2, 2017款, 红标, 1.5T, 自动两驱豪华型
铃木, 启悦, 2015款, 1.6L, 手动乐享型
现代ix35, 2013款, 2.0L, 自动两驱舒适型GL, 国IV
丰田, 雷凌, 2016款, 1.6G, CVT精英版
斯柯达, 晶锐, 2012款, 1.4L, 自动晶灵版
福特, 福睿斯, 2017款, 幸福版, 1.5L, 自动时尚型
哈弗H6, 2011款, 2.0L, 手动两驱精英型
福特, 福克斯, 2012款, 三厢, 1.6L, 自动风尚型
别克, 凯越, 2013款, 1.5L, 自动经典型
大众POLO, 2016款, 1.4L, 手动风尚型
本田, 飞度, 2014款, 1.5L, LX, CVT舒适型
五菱宏光, 2014款, 1.5L, S舒适型
福特, 福克斯, 2012款, 两厢, 1.6L, 自动舒适型
荣威RX5, 2016款, 30T, 两驱自动互联网智享版
现代ix25, 2015款, 1.6L, 自动两驱智能型GLS
斯柯达, 明锐, 2014款, 1.6L, 手动逸杰版
雪铁龙, C4世嘉, 2018款, 1.6L, 手动舒适型
丰田, 威驰, 2017款, 1.5L, 手动创行版
雪铁龙, 爱丽舍, 2015款, 质尚版, 1.6L, 自动时尚型
奔驰GLA级, 2016款, GLA, 200, 时尚型
本田, 思域, 2009款, 1.8L, 自动舒适版
日产, 轩逸, 2016款, 1.6XL, CVT豪华版
吉利, 远景, 2017款, 1.5L, 自动幸福版
长安, 欧尚COS1°(科赛), 2018款, 1.5T, 自动, 智, 7座
长安, 欧尚COS1°(科赛), 2018款, 1.5T, 自动, 智, 7座
吉利, 帝豪GS, 2016款, 优雅版, 1.3T, 自动臻尚型
奇瑞, 艾瑞泽5, 2017款, 1.5L, 手动领潮版
比亚迪L3, 2015款, 节能版, 1.5L, 自动尊贵型
荣威550, 2012款, 550, 1.8L, 自动超值版
雪佛兰, 2015款, 赛欧3, 1.5L, 手动理想天窗版
雪铁龙, 爱丽舍, 2014款, 1.6L, 自动时尚型
标致308, 2016款, 350THP, 自动尊贵版
别克, 英朗, 2012款, XT, 1.6L, 自动时尚版
别克, 君越, 2016款, 28T, 尊享型
陆风X8, 2017款, 2.0T, 汽油4X2豪华型
日产, 阳光, 2015款, 1.5XE, 手动舒适版
大众, 帕萨特, 2013款, 1.8TSI, DSG御尊版
日产, 骐达, 2011款, 1.6L, CVT舒适型
Smart, smart, fortwo, 2012款, 1.0, MHD, 硬顶舒适版
大众, 宝来, 2011款, 1.6L, 自动时尚型
别克, 昂科拉, 2015款, 1.4T, 自动两驱都市领先型
大众, 途观, 2013款, 1.8TSI, 自动四驱豪华型
沃尔沃V40, 2015款, 1.6T, 智逸版(进口)
本田, 思域, 2016款, 220TURBO, CVT尊贵版
现代ix35, 2010款, 2.0L, 自动两驱精英版GLS
传祺GS4, 2017款, 235T, 自动两驱豪华智联版
现代, 瑞纳, 2010款, 三厢, 1.4L, 手动舒适型GS
东风风行, 风行S500, 2016款, 1.6L, CVT尊享型
日产, 天籁, 2013款, 2.5L, XL领先版
斯柯达, 昕锐, 2015款, 1.6L, 手动智选型
比亚迪F0, 2015款, 1.0L, AMT, 铉酷型
吉利, 帝豪, 2014款, 三厢, 1.5L, 手动精英型
长城M4, 2012款, 1.5L, 手动豪华型
吉利, 博越, 2016款, 1.8TD, 自动智慧型
大众, 桑塔纳, 2015款, 1.6L, 自动舒适版
大众, 途观, 2016款, 280TSI, 自动两驱丝绸之路舒适版
奇瑞, 风云2, 2015款, 1.5L, 手动新锐版
丰田, 凯美瑞, 2013款, 2.5G, 舒适版
东南, V3菱悦, 2015款, 1.5L, 手动幸福版
长安商用, 长安CX70, 2017款, CX70T, 1.5T, 手动豪擎版
雪佛兰, 探界者, 2017款, 535T, 自动驭界版
奥迪Q5, 2013款, 40, TFSI, 舒适型
大众CC, 2012款, 1.8TSI, 豪华型
大众, 高尔夫, 2017款, 1.6L, 自动舒适百万辆纪念版
现代ix25, 2015款, 1.6L, 自动两驱智能型GLS
别克, 君越, 2013款, 2.0T, SIDI, 技术型
大众, 高尔夫, 2016款, 1.6L, 自动舒适型
长安, 悦翔V7, 2015款, 1.6L, 手动乐享型, 国IV
传祺GS4, 2016款, 235T, G-DCT精英版
宝马3系, 2015款, 320Li, 超悦版时尚型
铃木, 雨燕, 2013款, 1.3L, 手动超值版
别克, 英朗, 2013款, GT, 1.6L, 自动时尚版
雪佛兰, 迈锐宝, 2014款, 2.4L, 自动旗舰版
路虎, 揽胜极光, 2016款, 2.0T, SE, PLUS, 智享版
江淮, 瑞风S3, 2014款, 1.5L, 手动豪华智能型
五菱荣光V, 2016款, 1.5L标准型
奇瑞, 艾瑞泽5, 2017款, 1.5L, CVT领潮版
观致3, 2014款, 三厢, 1.6T, 自动致臻型
大众, 高尔夫, 2014款, 1.4TSI, 自动旗舰型
大众POLO, 2014款, 1.6L, 自动豪华版
别克, 威朗, 2016款, 两厢, 15S, 自动进取型
捷豹XFL, 2018款, XFL, 2.0T, 250PS, 豪华版
丰田, 卡罗拉, 2014款, 1.6L, CVT, GL-i
本田, 思铂睿, 2015款, 2.4L, Si
宝马4系, 2015款, 420i, 限量版(进口)
众泰SR9, 2017款, 2.0T, 自动极致之心版
大众, 甲壳虫, 2018款, 180TSI, 尚乐型(进口)
标致408, 2014款, 1.8L, 自动豪华版
奥迪TT, 2015款, TT, Coupe, 45, TFSI(进口)
北京BJ20, 2016款, 1.5T, CVT精英型
本田, 飞度, 2016款, 1.5L, LXS, CVT舒适天窗版
大众, 高尔夫, 2011款, 1.4TSI, 手动舒适型
五菱荣光, 2017款, 1.5L加长基本型
别克, 君越, 2012款, 2.0T豪雅版
起亚K3, 2015款, 1.6L, 自动GLS
丰田, 卡罗拉, 2011款, 1.8L, CVT, GL-i纪念版
标致307, 2010款, 两厢, 1.6L, 自动舒适版
MG6, 2012款, 掀背, 1.8L, 手动驾值版
大众, 高尔夫, 2019款, 280TSI, DSG, R-Line型, 国V
大众, 宝来, 2015款, 质惠版, 1.6L, 自动舒适型
标致2008, 2014款, 1.6L, 自动潮流版
荣威RX5, 2018款, 20T, 两驱手动互联网智惠版
MG3, 2014款, 1.5L, AMT精英版
大众POLO, 2016款, 1.6L, 自动舒适型
雪佛兰, 科鲁兹, 2013款, 1.6L, SE, MT
别克, 昂科威, 2018款, 28T, 四驱精英型
福特, 野马, 2017款, 2.3T, 性能版(进口)
本田, 雅阁, 2011款, 2.0L, EX
东风风行, 菱智, 2015款, V3, 1.5L, 7座豪华型
大众, 高尔夫, 2015款, 1.4TSI, 自动舒适型
宝马2系, 2015款, 218i, 敞篷轿跑车(进口)
福特, 嘉年华, 2011款, 两厢, 1.5L, 自动时尚型
奥迪Q5, 2017款, SQ5, 3.0TFSI, quattro(进口)
奔驰C级, 2018款, C, 180, L, 时尚型运动版
克莱斯勒300C, 2016款, 3.0L, 超越版(进口)
现代, 飞思, 2012款, 1.6T, 自动豪华版(进口)
丰田, 卡罗拉, 2016款, 1.6L, CVT, GL-i炫酷版
大众, 朗逸, 2015款, 1.6L, 手动风尚版
现代, 朗动, 2015款, 1.6L, 手动领先型
大众, 辉昂, 2018款, 改款, 380TSI, 两驱商务版
Smart, smart, fortwo, 2016款, 0.9T, 66千瓦硬顶极致版
斯柯达, 昊锐, 2009款, 1.8TSI, 自动优雅版
哈弗H2, 2016款, 红标, 1.5T, 手动两驱豪华型
比亚迪G5, 2014款, 1.5TID, 自动旗舰型
宝马1系, 2013款, 改款, 118i, 领先型(进口)
东风风行, 菱智, 2018款, M3, 1.5L, 5座特惠版
马自达CX-4, 2016款, 2.0L, 自动两驱蓝天品位版
比亚迪S7, 2016款, 2.0T, 自动尊贵型Plus
大众, 迈腾, 2013款, 1.8TSI, 豪华型
大众, 速腾, 2017款, 1.6L, 自动舒适型
凯迪拉克XT5, 2016款, 25T, 豪华型
东风风行, 风行SX6, 2016款, 2.0L, 手动尊享型
长安商用, 长安之星2, 2012款, 1.0L基本型JL466Q9
宝马X3, 2011款, xDrive35i, 豪华型(进口)
雪佛兰, 科鲁兹, 2015款, 1.5L, 经典, SE, MT
本田, 思铂睿, 2017款, 2.4L, 豪华版
奔驰A级, 2011款, A, 160(进口)
马自达, 昂克赛拉, 2014款, 三厢, 2.0L, 自动运动型
别克, 君威, 2019款, 20T, 豪华型, 国V
吉利, 远景, 2017款, 1.5L, 自动幸福版
MINI, 2016款, 1.5T, COOPER, 五门版
宝马3系, 2014款, 320i, 时尚型
奥迪Q3, 2018款, 30周年年型, 30, TFSI, 时尚型
大众POLO, 2016款, 1.6L, Cross, Polo, 自动
福特, 福克斯, 2012款, 两厢, 1.6L, 自动风尚型
领克01, 2017款, 2.0T, 两驱型版
奔驰C级, 2013款, C, 180, CGI, 经典型
大众, T-ROC探歌, 2018款, 280TSI, DSG四驱豪华型, 国V
奇瑞, 瑞虎5, 2015款, 2.0L, 手动家悦版
起亚K3, 2015款, 1.6L, 自动GL
福田, 蒙派克E, 2017款, 2.0L新快运长轴4Q20M
大众, 朗逸, 2011款, 1.4TSI, DSG品雅版
大众CC, 2018款, 1.8TSI, 尊贵型
宝马X1, 2016款, sDrive20Li, 豪华型
奔驰C级, 2016款, C, 200, L, 运动型
福特, 福睿斯, 2015款, 1.5L, 自动时尚型
哈弗H6, 2016款, 升级版, 1.5T, 手动两驱精英型
奔驰C级, 2018款, C, 200, 运动版
奔驰E级, 2015款, E, 200, L
福特, 蒙迪欧, 2017款, EcoBoost, 180, 时尚型
大众, 迈腾, 2011款, 1.4TSI, 精英型
丰田, 普拉多, 2014款, 4.0L, 自动TX-L
大众, 途观L, 2018款, 改款, 330TSI, 自动两驱风尚版
丰田, 雷凌, 2018款, 185T, CVT豪华版
奥迪A3, 2018款, 30周年年型, Limousine, 35, TFSI, 时尚型
丰田, 威驰, 2011款, 1.6L, GL-i, 天窗版, AT
铃木, 奥拓, 2013款, 1.0L, 自动豪华型
起亚K2, 2012款, 三厢, 1.4L, AT, GLS纪念版
丰田, 汉兰达, 2012款, 2.7L, 两驱5座精英版
众泰, 大迈X7, 2017款, 1.8T, DCT豪华型
奥迪A6L, 2016款, 30, FSI, 舒适型
吉利, 远景, 2017款, 1.5L, 手动幸福版
别克GL8, 2013款, 3.0L, XT豪华商务旗舰版
日产, 轩逸, 2012款, 经典, 1.6XE, 手动舒适版
现代, 朗动, 2012款, 1.6L, 手动领先型
现代, 瑞纳, 2014款, 1.4L, 手动智能型GLS
奔驰CLA级, 2015款, CLA, 220, 4MATIC(进口)
哈弗H6, 2016款, 升级版, 1.5T, 手动两驱超值型
别克, 威朗, 2018款, 三厢, 15S, 自动领先型
别克, 威朗, 2019款, 三厢, 15S, 自动进取型
哈弗H2, 2016款, 红标, 1.5T, 自动两驱豪华型
丰田, YARiS, L, 致炫, 2014款, 1.5G, 手动炫动版
丰田, 凯美瑞, 2013款, 200G, 经典豪华版
DS, 5LS, 2016款, 1.6T, 舒适版THP160
宝马X1, 2016款, sDrive18Li, 豪华型
本田, 飞度, 2014款, 1.5L, LX, CVT舒适型
雪佛兰, 科鲁兹, 2016款, 1.5L, 自动时尚天窗版
大众POLO, 2014款, 1.6L, 自动舒适版
北京BJ20, 2016款, 1.5T, CVT豪华型
哈弗H6, 2016款, 升级版, 1.5T, 手动两驱都市型
起亚, 福瑞迪, 2018款, 1.6L, 自动智享互联版Value-Connect
日产, 逍客, 2016款, 2.0L, CVT精英版
哈弗H1, 2016款, 蓝标, 1.5L, AMT豪华型
大众, 速腾, 2015款, 1.6L, 自动舒适型
斯柯达Yeti, 2016款, 1.4TSI, DSG前行版
福特, 福克斯, 2017款, 两厢, 1.6L, 手动舒适型智行版
大众, 捷达, 2015款, 质惠版, 1.6L, 手动舒适型
